{
"type": "FeatureCollection",
"name": "bakorwil",
"crs": { "type": "name", "properties": { "name": "urn:ogc:def:crs:OGC:1.3:CRS84" } },
"features": [
{"type":"Feature","properties":{"id_feature":202301,"id_wilayah":1,"tahun":2023,"nama_wilayah":"Jember","jenis_wilayah":"kabupaten","bakorwil":"Bakorwil V Jember","kode_bps":"3509","jumlah_project":3,"jumlah_mentor":8,"jumlah_talenta":57,"jumlah_client":61},"geometry":{"type":"MultiPolygon","coordinates":[[[[113.659805000000233,-8.503645],[113.661331,-8.500398],[113.660233000000176,-8.503943],[113.659805000000233,-8.503645]]],[[[113.661667,-8.500058],[113.661682000000155,-8.500471],[113.661453000000165,-8.500328],[113.661667,-8.500058]]],[[[113.664635,-8.500026],[113.665131000000201,-8.500427],[113.664474,-8.500224],[113.664635,-8.500026]]],[[[113.661415,-8.499446],[113.662621000000172,-8.498838],[113.661438,-8.499763],[113.661415,-8.499446]]],[[[113.6160931390001,-8.500276013999951],[113.615833138000198,-8.500265012999932],[113.616151569000294,-8.499912176999942],[113.6160931390001,-8.500276013999951]]],[[[113.616054,-8.499445],[113.616199,-8.499837],[113.615864000000215,-8.499747],[113.616054,-8.499445]]],[[[113.617183,-8.49981],[113.617511,-8.499319],[113.6178010000001,-8.499899],[113.617183,-8.49981]]],[[[113.614739000000213,-8.499695],[113.61428200000023,-8.499222],[113.615182000000118,-8.499375],[113.614739000000213,-8.499695]]],[[[113.616549,-8.498919],[113.616732,-8.499266],[113.616336,-8.499227],[113.616549,-8.498919]]],[[[113.619324,-8.497739],[113.616936000000123,-8.49859],[113.61808,-8.496848],[113.619324,-8.497739]]],[[[113.644516,-8.496119],[113.64505,-8.496634],[113.644539000000123,-8.496561],[113.644516,-8.496119]]],[[[113.6455,-8.4959],[113.645576000000119,-8.496515],[113.645271,-8.496264],[113.6455,-8.4959]]],[[[113.62384800000018,-8.486402],[113.624191,-8.486011],[113.624352000000158,-8.486406],[113.62384800000018,-8.486402]]],[[[113.624435,-8.485578],[113.624489000000153,-8.485408999999891],[113.624611,-8.485468],[113.624435,-8.485578]]],[[[113.623154,-8.4819],[113.623367,-8.48206],[113.623055000000136,-8.482],[113.623154,-8.4819]]],[[[113.623642,-8.472864],[113.624092000000132,-8.472281],[113.624031,-8.47288],[113.623642,-8.472864]]],[[[113.800377,-8.559589],[113.801048000000264,-8.560006],[113.800293,-8.56073],[113.800377,-8.559589]]],[[[113.806931,-8.557199],[113.806755,-8.557549],[113.806717,-8.557302],[113.806931,-8.557199]]],[[[113.805351,-8.553942],[113.806610000000205,-8.553952],[113.805786000000239,-8.555047],[113.805351,-8.553942]]],[[[113.803368,-8.553504],[113.803932000000145,-8.554054],[113.803291,-8.55386],[113.803368,-8.553504]]],[[[113.743263,-8.545756],[113.743607,-8.546174],[113.742851,-8.546586999999874],[113.743263,-8.545756]]],[[[113.746941,-8.544407],[113.74424,-8.544646],[113.747177000000192,-8.542759],[113.746941,-8.544407]]],[[[113.705864,-8.531166],[113.70929,-8.534125],[113.703201000000149,-8.533172999999863],[113.705864,-8.531166]]],[[[113.701889,-8.532114],[113.703300000000127,-8.53214],[113.70163,-8.532443],[113.701889,-8.532114]]],[[[113.804428000000144,-8.552077],[113.804123,-8.552587],[113.80397,-8.552507],[113.804428000000144,-8.552077]]],[[[113.80003400000021,-8.550127],[113.801407000000154,-8.550098],[113.800064,-8.550627],[113.80003400000021,-8.550127]]],[[[113.804192000000171,-8.517712],[113.803932000000145,-8.518116],[113.803795,-8.517676],[113.804192000000171,-8.517712]]],[[[113.788528000000156,-8.514662],[113.791092,-8.513484],[113.788414,-8.515017],[113.788528000000156,-8.514662]]],[[[113.755875,-8.522359],[113.755707,-8.522607],[113.755615,-8.522366],[113.755875,-8.522359]]],[[[113.755310000000236,-8.520736],[113.755348,-8.521236],[113.754791,-8.520911],[113.755310000000236,-8.520736]]],[[[113.714981,-8.504445],[113.714279000000147,-8.503347],[113.715202,-8.503434],[113.714981,-8.504445]]],[[[113.64917000000014,-8.4853],[113.636208,-8.472449999999867],[113.642014000000131,-8.46526],[113.63945,-8.45631],[113.624367,-8.45484],[113.626472,-8.44909],[113.609703,-8.43916],[113.595261,-8.43578],[113.582787,-8.44439],[113.581207,-8.432626],[113.569992,-8.42554],[113.557022,-8.42709],[113.55291,-8.43646],[113.549637,-8.4332],[113.548927000000162,-8.43366],[113.547394,-8.43333],[113.549362,-8.43275],[113.549133,-8.43034],[113.52961,-8.42711],[113.526283000000149,-8.43043],[113.508331,-8.420099999999877],[113.504448,-8.42331],[113.494171,-8.41337],[113.484901,-8.416389999999865],[113.474701,-8.39854],[113.475838,-8.39689],[113.475166,-8.38552],[113.462860003142055,-8.378561975620812],[113.42662811300022,-8.380610465999951],[113.388046265000071,-8.400329589999899],[113.358413696000071,-8.35025978099992],[113.328659057000095,-8.32211971299995],[113.303413391000049,-8.307476996999981],[113.319702148000033,-8.265568732999952],[113.313011169000106,-8.228894233999938],[113.326843262000011,-8.221261976999926],[113.333389281000109,-8.208283423999887],[113.353141784000286,-8.203742027999908],[113.360626220000313,-8.189457893999929],[113.367851258000201,-8.185212134999915],[113.365982056000121,-8.16832351599993],[113.379471,-8.157930000999897],[113.379021000000193,-8.148527],[113.372391000000107,-8.146483],[113.375877062000086,-8.130837154999881],[113.362358094000115,-8.118205069999931],[113.36840057400002,-8.110672949999866],[113.361953735000156,-8.100623130999963],[113.366653442000029,-8.085650443999839],[113.357070923000038,-8.078250884999818],[113.348670960000049,-8.05470943499995],[113.354980468,-8.035292624999897],[113.387168884000175,-8.013656615999878],[113.391288757000098,-7.997274875999892],[113.408714294000106,-8.013230323999949],[113.425369264000096,-8.011185644999955],[113.433631896000179,-8.02130699199995],[113.441497802000299,-8.016619681999885],[113.444435120000207,-8.024371147999886],[113.458259583000086,-8.024671554999884],[113.47939300500002,-8.01764011299997],[113.482009888000107,-8.008248329999958],[113.476272584000071,-7.996930121999981],[113.480422974000135,-7.992403029999934],[113.494422912000118,-8.005125045999876],[113.5281372070001,-8.016924856999935],[113.530197143,-8.008109092999973],[113.552536010000154,-7.998210429999915],[113.560806275000118,-7.986625193999885],[113.587341309000067,-7.985786914999892],[113.592475892000039,-7.979192255999976],[113.602600098000039,-7.979587076999962],[113.605621338000105,-7.989082811999936],[113.613784790000182,-7.988571642999943],[113.614723207000111,-7.992711066999959],[113.618820191000168,-7.983492374999969],[113.62698364400012,-7.981812953999963],[113.627685547000056,-7.975905894999926],[113.671134948000145,-7.968296527999939],[113.671989440000175,-7.986698627999942],[113.687240600000109,-8.011513709999917],[113.70914459200003,-8.011621475999959],[113.72048187300004,-8.023271560999945],[113.726188660000048,-8.023572920999925],[113.746116639000093,-8.05133533399993],[113.747558594000111,-8.06498432099994],[113.751892089000194,-8.06082534899997],[113.750885010000047,-8.051604271999963],[113.758064271000308,-8.057752609999909],[113.771766663000221,-8.038377761999925],[113.781806946000074,-8.050318718999904],[113.79051208400017,-8.049409865999962],[113.802207947000056,-8.057662962999871],[113.812591554000051,-8.046125411999981],[113.854301453000176,-8.045752524999955],[113.85395050000011,-8.033453940999948],[113.845359802000075,-8.024040221999883],[113.851303100000109,-8.027078627999913],[113.855018617000155,-8.022206306999919],[113.86842346200001,-8.035837172999948],[113.87248992800005,-8.029894828999886],[113.884910583000192,-8.030037878999906],[113.884376525000107,-8.019872664999923],[113.890022277000185,-8.014410018999968],[113.918609619000108,-8.024968145999935],[113.958648683000092,-8.055067061999978],[113.970199584000056,-8.054953573999967],[113.987144471000079,-8.066942214999926],[114.004806518000123,-8.07123374899993],[114.028236389000085,-8.095111845999838],[114.029563903000167,-8.115055084999881],[114.038589477000301,-8.120491026999957],[114.034614563000218,-8.128876684999966],[114.043113708000078,-8.134447097999896],[114.037292481000122,-8.139760017999947],[114.022552490000066,-8.141417502999957],[113.990882873000146,-8.182614325999907],[113.970726014000093,-8.189533232999963],[113.957832337000013,-8.205780028999868],[113.968070984000065,-8.220554350999919],[113.966644287000122,-8.232213019999904],[113.959373474000245,-8.243258474999948],[113.944236755000247,-8.244484899999918],[113.934341431000234,-8.255193708999911],[113.93733215400016,-8.266300201999968],[113.934295654000266,-8.281473159999962],[113.920310974000131,-8.308166503999928],[113.928337097000281,-8.319819449999898],[113.927162170000315,-8.327595709999912],[113.909012,-8.34686],[113.915825,-8.348118],[113.921227,-8.357324],[113.921646119000229,-8.369895933999885],[113.927750000000287,-8.376713],[113.923676,-8.384262],[113.947258,-8.40167],[113.937431336000031,-8.409064291999925],[113.932068,-8.425376],[113.910240000000158,-8.441873],[113.899231,-8.434336],[113.90033,-8.423871],[113.890343,-8.409854],[113.854637000000139,-8.429845],[113.842133000000103,-8.494321],[113.843056,-8.503391],[113.855019,-8.519502],[113.837151,-8.554029],[113.833641,-8.54167],[113.838257,-8.53632],[113.836998000000108,-8.53026],[113.828773,-8.5277],[113.825180000000159,-8.54309],[113.821716,-8.54199],[113.815552,-8.54647],[113.814522000000125,-8.55894],[113.806831,-8.55599],[113.806976,-8.54756],[113.816109,-8.53667],[113.807663000000161,-8.532219999999882],[113.809029,-8.52916],[113.80761,-8.52065],[113.803757,-8.52065],[113.810493,-8.5156],[113.805603,-8.50782],[113.812523,-8.50314],[113.796066,-8.48983],[113.78907,-8.48989],[113.787354,-8.49913],[113.78015100000016,-8.49602],[113.771072,-8.50401],[113.758293,-8.503],[113.754707,-8.51037],[113.761658,-8.51434],[113.753777,-8.51985],[113.73439000000019,-8.52606],[113.731369,-8.51542],[113.725197,-8.52096],[113.722321,-8.51746],[113.712227,-8.5286],[113.712570000000142,-8.51546],[113.7192,-8.5122],[113.716408000000229,-8.50946],[113.721817,-8.49684],[113.71714,-8.48527],[113.702927,-8.48276],[113.703217,-8.49061],[113.689133,-8.50563],[113.683594,-8.49138],[113.672836,-8.4926],[113.669083,-8.498229999999865],[113.64614900000015,-8.49501],[113.643997,-8.49009],[113.64917000000014,-8.4853]]],[[[113.554787,-8.436541],[113.555084,-8.436792],[113.554497,-8.436769],[113.554787,-8.436541]]],[[[113.556229,-8.435976],[113.555862,-8.436089],[113.55603,-8.435925],[113.556229,-8.435976]]],[[[113.557663000000161,-8.436023],[113.558311,-8.434978],[113.558907,-8.435575],[113.557663000000161,-8.436023]]],[[[113.555801,-8.435105],[113.556900000000269,-8.434406],[113.556969,-8.434930999999892],[113.555801,-8.435105]]],[[[113.535805,-8.432349998999939],[113.53521000000012,-8.432660000999931],[113.535172000000216,-8.432227998999963],[113.535805,-8.432349998999939]]],[[[113.53727,-8.432589],[113.535728000000177,-8.433035],[113.536133,-8.430764],[113.53727,-8.432589]]],[[[113.539238,-8.432421],[113.539787000000274,-8.431742],[113.540024,-8.432528],[113.539238,-8.432421]]],[[[113.540649,-8.430542],[113.540291,-8.430381],[113.540367000000174,-8.430275],[113.540649,-8.430542]]],[[[113.534821,-8.430643],[113.535286,-8.430296],[113.536079,-8.430404],[113.534821,-8.430643]]],[[[113.540115,-8.429925],[113.540115,-8.42966],[113.540344,-8.429901],[113.540115,-8.429925]]],[[[113.544067,-8.429655],[113.544334,-8.429772],[113.543991000000119,-8.429758],[113.544067,-8.429655]]],[[[113.529594,-8.428414],[113.530235,-8.429473],[113.529762,-8.429703],[113.529594,-8.428414]]],[[[113.623398,-8.471303],[113.623779,-8.471589],[113.623337,-8.471768],[113.623398,-8.471303]]],[[[113.624084,-8.469654],[113.623909000000253,-8.469495999999879],[113.624100000000112,-8.469543],[113.624084,-8.469654]]],[[[113.604362000000151,-8.443794],[113.604401000000166,-8.443294999999864],[113.605087000000253,-8.442948],[113.604362000000151,-8.443794]]],[[[113.583206000000132,-8.444829998999921],[113.582557999000073,-8.445167998999921],[113.5823590010001,-8.444868000999975],[113.583206000000132,-8.444829998999921]]],[[[113.579819000000157,-8.444516],[113.579346000000101,-8.444882],[113.579239000000143,-8.444803],[113.579819000000157,-8.444516]]],[[[113.590247999000212,-8.443475998999929],[113.589553999000145,-8.44359499899997],[113.589668,-8.443089000999976],[113.590247999000212,-8.443475998999929]]],[[[113.589012,-8.442843],[113.589249000000223,-8.44346],[113.58889,-8.443058],[113.589012,-8.442843]]],[[[113.59108,-8.443211],[113.5899730000001,-8.442732],[113.591789,-8.442712],[113.59108,-8.443211]]],[[[113.592186,-8.442418999999859],[113.592125,-8.44277],[113.591911000000209,-8.442616],[113.592186,-8.442418999999859]]],[[[113.579971,-8.442284],[113.580002,-8.441984],[113.580078,-8.442084],[113.579971,-8.442284]]],[[[113.590225,-8.442051],[113.589661000000206,-8.442152],[113.590668,-8.441611],[113.590225,-8.442051]]],[[[113.580147000000125,-8.441961],[113.578003,-8.440991],[113.579926,-8.440803],[113.580147000000125,-8.441961]]],[[[113.549362,-8.438344],[113.549561,-8.438725],[113.549271,-8.438624],[113.549362,-8.438344]]],[[[113.551651000000106,-8.438294],[113.55088000000012,-8.436837],[113.551842,-8.436585],[113.551651000000106,-8.438294]]],[[[113.552567,-8.437222],[113.552025,-8.437284],[113.552185000000236,-8.437002],[113.552567,-8.437222]]],[[[113.549194,-8.439667],[113.548912,-8.439607],[113.549187,-8.439506],[113.549194,-8.439667]]],[[[113.548836,-8.439621],[113.548904,-8.43949],[113.548912,-8.439607],[113.548836,-8.439621]]],[[[113.547798000000171,-8.433895],[113.547279,-8.433467],[113.547867,-8.433596],[113.547798000000171,-8.433895]]],[[[113.547089000000142,-8.432539],[113.54758500000014,-8.432518],[113.547859000000244,-8.432576],[113.547089000000142,-8.432539]]],[[[113.290702999000018,-8.445450999999878],[113.323638999000195,-8.452955999999858],[113.331573001000152,-8.448416999999893],[113.34301,-8.458071998999912],[113.352608,-8.449271000999943],[113.3590160010001,-8.452909],[113.367355000000202,-8.45052],[113.371292001000029,-8.458763998999927],[113.386786999000151,-8.458509],[113.390311999000119,-8.453892],[113.400345,-8.457878],[113.403,-8.467248000999973],[113.405800000000227,-8.465801000999932],[113.403709001000152,-8.472136],[113.4105,-8.467222],[113.419861,-8.469740998999896],[113.410369999000068,-8.475778000999981],[113.409675999000228,-8.490861000999871],[113.401299001000211,-8.489492998999935],[113.404289,-8.494155],[113.398682000000122,-8.496578998999951],[113.379631,-8.495003],[113.350227,-8.50518200099998],[113.340515,-8.500532998999972],[113.326590999000018,-8.501971],[113.309608,-8.508748],[113.313553000000297,-8.500983998999914],[113.31186700000012,-8.500001],[113.306869999000241,-8.508763998999882],[113.298706001000141,-8.502464998999869],[113.293434000000275,-8.508187998999915],[113.285713000000214,-8.498913000999949],[113.268088999000156,-8.497040000999903],[113.26973,-8.490266],[113.262405000000285,-8.486736999999891],[113.26823400000012,-8.467235998999911],[113.287636001000124,-8.460893],[113.293144,-8.450696],[113.290702999000018,-8.445450999999878]]],[[[113.480499,-8.413933],[113.480247,-8.414298],[113.480186,-8.414137],[113.480499,-8.413933]]],[[[113.477516000000264,-8.410072],[113.478638,-8.410684],[113.47747,-8.41062],[113.477516000000264,-8.410072]]],[[[113.474754,-8.397418],[113.474449000000163,-8.39788],[113.474335,-8.397528],[113.474754,-8.397418]]],[[[113.474266,-8.396652],[113.473999,-8.396428],[113.474113000000102,-8.396107],[113.474266,-8.396652]]],[[[113.504173,-8.423833],[113.503838,-8.423756],[113.504204,-8.423754],[113.504173,-8.423833]]],[[[113.817955,-8.562476998999955],[113.817696001000058,-8.562665000999971],[113.817779999000095,-8.562410998999894],[113.817955,-8.562476998999955]]],[[[113.811539,-8.561585],[113.811371,-8.5614],[113.811569,-8.561327],[113.811539,-8.561585]]],[[[113.813675,-8.559791],[113.813713000000121,-8.560301],[113.813606,-8.560266],[113.813675,-8.559791]]],[[[113.816391000000181,-8.559836],[113.81723,-8.559693],[113.816795,-8.560527],[113.816391000000181,-8.559836]]],[[[113.81572,-8.559608],[113.815956000000256,-8.560158],[113.815704,-8.560212],[113.81572,-8.559608]]],[[[113.817589,-8.55876],[113.817444000000137,-8.559101],[113.817223000000126,-8.558832],[113.817589,-8.55876]]],[[[113.816887,-8.558692],[113.816727000000128,-8.558548],[113.816902,-8.558533],[113.816887,-8.558692]]],[[[113.807205,-8.558171],[113.80705300000011,-8.558778],[113.806831,-8.558192],[113.807205,-8.558171]]],[[[113.808601,-8.557437],[113.80838,-8.558032],[113.808136,-8.557638],[113.808601,-8.557437]]],[[[113.823837,-8.543426],[113.823494,-8.543532],[113.823593,-8.54308],[113.823837,-8.543426]]],[[[113.822182000000112,-8.542582],[113.822075000000154,-8.543505],[113.821899000000144,-8.543591],[113.822182000000112,-8.542582]]],[[[113.834358,-8.539156],[113.834908,-8.54006],[113.833771,-8.539671],[113.834358,-8.539156]]],[[[113.830124,-8.534368],[113.830612,-8.535066],[113.830452000000264,-8.535207],[113.830124,-8.534368]]],[[[113.834595,-8.533864],[113.835892,-8.534086],[113.834526,-8.534019],[113.834595,-8.533864]]],[[[113.807739,-8.529428],[113.807854000000134,-8.529181],[113.808327,-8.529208],[113.807739,-8.529428]]],[[[113.808395000000132,-8.52746],[113.80806,-8.52816],[113.80748,-8.528096],[113.808395000000132,-8.52746]]],[[[113.807198,-8.526032],[113.806778000000122,-8.525932],[113.806885,-8.52578],[113.807198,-8.526032]]],[[[113.806984,-8.523298],[113.807037,-8.523044],[113.807182000000125,-8.523197],[113.806984,-8.523298]]]]}},
{"type":"Feature","properties":{"id_feature":202302,"id_wilayah":2,"tahun":2023,"nama_wilayah":"Banyuwangi","jenis_wilayah":"kabupaten","bakorwil":"Bakorwil V Jember","kode_bps":"3510","jumlah_project":3,"jumlah_mentor":5,"jumlah_talenta":9,"jumlah_client":20},"geometry":{"type":"MultiPolygon","coordinates":[[[[114.36061096100002,-8.657449720999921],[114.320068359000174,-8.624690055999963],[114.247077941000157,-8.600239752999926],[114.22791290300006,-8.604619979999939],[114.225372314000083,-8.612270353999975],[114.229919434000067,-8.620639800999925],[114.220581054000263,-8.64542007499989],[114.184211730000015,-8.64050960499992],[114.14286,-8.62279],[114.094757081000012,-8.615619658999947],[114.085243,-8.62092],[114.084457000000157,-8.6296],[114.078278,-8.62506],[114.059837,-8.62674],[114.057999,-8.6381],[114.050423,-8.6375],[114.05246,-8.64483],[114.048889000000145,-8.64672],[114.047829,-8.6376],[114.03138,-8.63043],[114.028214,-8.59827],[114.015152,-8.59035],[113.996132,-8.59396],[113.996063000000163,-8.61056],[113.989883,-8.59919],[113.98827400000016,-8.60634],[113.972229004000042,-8.607469558999924],[113.96362304600018,-8.616959570999882],[113.956497192000143,-8.613989829999923],[113.956817627000078,-8.60902976999995],[113.947097779000046,-8.599889753999889],[113.952453613000102,-8.595159529999933],[113.958251954000048,-8.599329947999934],[113.966003418000128,-8.596540451999886],[113.968673705000015,-8.58409023299987],[113.959062649523162,-8.567350159859416],[113.945969,-8.55916],[113.935959,-8.55989],[113.935150000000249,-8.56739],[113.925179000000185,-8.56105],[113.924278,-8.57314],[113.908913,-8.58024],[113.893730000000119,-8.56488],[113.875664000000143,-8.55747],[113.857567,-8.5602],[113.852966,-8.55015],[113.83696,-8.55469],[113.855019,-8.519502],[113.843056,-8.503391],[113.842133000000103,-8.494321],[113.854637000000139,-8.429845],[113.890343,-8.409854],[113.90033,-8.423871],[113.899231,-8.434336],[113.910240000000158,-8.441873],[113.932068,-8.425376],[113.937431336000031,-8.409064291999925],[113.947258,-8.40167],[113.923676,-8.384262],[113.927750000000287,-8.376713],[113.921646119000229,-8.369895933999885],[113.921227,-8.357324],[113.915825,-8.348118],[113.909012,-8.34686],[113.927162170000315,-8.327595709999912],[113.928337097000281,-8.319819449999898],[113.920310974000131,-8.308166503999928],[113.934295654000266,-8.281473159999962],[113.93733215400016,-8.266300201999968],[113.934341431000234,-8.255193708999911],[113.944236755000247,-8.244484899999918],[113.959373474000245,-8.243258474999948],[113.966644287000122,-8.232213019999904],[113.968070984000065,-8.220554350999919],[113.957832337000013,-8.205780028999868],[113.970726014000093,-8.189533232999963],[113.990882873000146,-8.182614325999907],[114.022552490000066,-8.141417502999957],[114.038505555000143,-8.139213561999838],[114.060424805000025,-8.122423172999959],[114.078575135000051,-8.126810072999945],[114.091743470000097,-8.116150855999933],[114.11658477800006,-8.114376067999842],[114.14649963300019,-8.100989340999945],[114.17274475000022,-8.107336042999975],[114.176460267000039,-8.120318411999904],[114.184379578000062,-8.120910643999878],[114.195693970000093,-8.103339195999979],[114.214088440000069,-8.099485397999956],[114.219749450000222,-8.073735235999948],[114.231140137000011,-8.070425033999982],[114.246719359000167,-8.054665564999937],[114.248764038000104,-8.045647619999954],[114.235816956,-8.031208037999932],[114.240707397000278,-8.013435362999928],[114.22438812300004,-7.989762783999879],[114.22508239800004,-7.982951639999953],[114.249694824000017,-7.939357756999868],[114.271324157000095,-7.919590949999929],[114.283134461000145,-7.897235870999907],[114.30355835000023,-7.88467979499984],[114.332839965000176,-7.906915186999981],[114.340545653000163,-7.905920504999926],[114.344375610000043,-7.91142129799988],[114.396530152000082,-7.926803110999913],[114.41284179600018,-7.940119264999908],[114.423797607000097,-7.935500143999832],[114.422737122000058,-7.961090087999935],[114.430267335000053,-7.996679782999934],[114.425727845000097,-8.019539831999907],[114.434624,-8.03202],[114.429008000000181,-8.045129999999858],[114.429939270000318,-8.065850256999965],[114.417457580000018,-8.080750464999937],[114.407180786000026,-8.110759733999942],[114.398353577000194,-8.121569632999979],[114.401756287000012,-8.15019035399996],[114.382377624000014,-8.200010298999871],[114.390457152000067,-8.235019683999951],[114.366073609000068,-8.280220031999932],[114.364730834000056,-8.310477256999889],[114.357757568000125,-8.327159881999933],[114.360816956000122,-8.335880279999969],[114.352783204000048,-8.354660034999938],[114.340042115000074,-8.423250198999938],[114.342033386000026,-8.43898010199996],[114.356002808000198,-8.458889961999944],[114.354217529000039,-8.467280387999949],[114.363517762000129,-8.484129904999918],[114.350708007000094,-8.52791976899988],[114.364501953000058,-8.537340162999953],[114.375679017000152,-8.532879828999853],[114.385192871000186,-8.506719587999896],[114.388099671000191,-8.4816198339999],[114.382659912000122,-8.448880194999958],[114.388999939000087,-8.447770117999937],[114.399513244000104,-8.461170195999955],[114.397491454000033,-8.49507045699994],[114.409362793000014,-8.509799956999871],[114.401466370000094,-8.54086971299995],[114.408142091000059,-8.556159971999932],[114.407890319000217,-8.569129942999894],[114.439788819000228,-8.631469725999921],[114.448226929000043,-8.638970374999928],[114.457931519000113,-8.638549804999968],[114.472656249000011,-8.617710113999976],[114.480941772000051,-8.617950439999902],[114.491577148000033,-8.632329940999966],[114.505493165000075,-8.635860441999966],[114.51464080900007,-8.650230407999913],[114.542999268000131,-8.659090042999935],[114.561737061000031,-8.655819891999897],[114.569252015000075,-8.659950255999888],[114.604553222000163,-8.714779852999868],[114.595497130000126,-8.751299858999971],[114.575790404000031,-8.769869803999882],[114.533561706000114,-8.780360220999967],[114.505126953000172,-8.77550029799994],[114.478027343,-8.760479926999949],[114.445518494000112,-8.752779960999931],[114.369682311000247,-8.750679969999908],[114.345176698000046,-8.742879866999886],[114.342903136000132,-8.734880446999966],[114.367172241000048,-8.722620009999957],[114.376670838000223,-8.704589842999894],[114.373153686000137,-8.677960394999957],[114.36061096100002,-8.657449720999921]]],[[[114.026352000000202,-8.646071],[114.029251,-8.649641],[114.024796,-8.651997],[114.026352000000202,-8.646071]]],[[[114.050087001000065,-8.64765],[114.049506999000187,-8.647739999999828],[114.04938499900004,-8.647631],[114.050087001000065,-8.64765]]],[[[114.05056,-8.647084],[114.050735,-8.647561],[114.049889000000235,-8.647407],[114.05056,-8.647084]]],[[[114.025719,-8.647225],[114.025200000000268,-8.646673],[114.025772,-8.646467],[114.025719,-8.647225]]],[[[114.02697,-8.645308],[114.024391000000151,-8.645255],[114.026901,-8.643392],[114.02697,-8.645308]]],[[[114.052879000000189,-8.638014],[114.052841,-8.638476],[114.052582000000143,-8.637967],[114.052879000000189,-8.638014]]],[[[114.033096000000114,-8.634853],[114.032845,-8.635],[114.032837,-8.634807],[114.033096000000114,-8.634853]]],[[[114.033363,-8.634194],[114.032944000000157,-8.634683],[114.033279000000107,-8.634169],[114.033363,-8.634194]]],[[[114.057114,-8.639482],[114.056839,-8.639467],[114.056969,-8.639242],[114.057114,-8.639482]]],[[[114.083778,-8.63192],[114.082565,-8.635422],[114.082634,-8.630767],[114.083778,-8.63192]]],[[[114.063629000000219,-8.628086],[114.063354,-8.628484],[114.063225,-8.627732],[114.063629000000219,-8.628086]]],[[[114.112021999000149,-8.619218999999873],[114.112007,-8.619978],[114.111808999000118,-8.61924],[114.112021999000149,-8.619218999999873]]],[[[113.992714,-8.615233],[113.994995000000131,-8.618568],[113.991539,-8.616364],[113.992714,-8.615233]]],[[[113.995094000000108,-8.612329],[113.990417,-8.614267],[113.994949,-8.611859],[113.995094000000108,-8.612329]]],[[[114.024803000000134,-8.606544],[114.02528400000017,-8.606853],[114.024857,-8.607278],[114.024803000000134,-8.606544]]],[[[114.027336000000105,-8.605411],[114.024033,-8.60606],[114.026665,-8.604125],[114.027336000000105,-8.605411]]],[[[114.203330994000112,-8.656510351999941],[114.204513549000012,-8.656039237999948],[114.203659057000209,-8.657291410999903],[114.203330994000112,-8.656510351999941]]],[[[113.914794999000151,-8.582213],[113.913223,-8.585397000999819],[113.911888,-8.583670998999935],[113.914794999000151,-8.582213]]],[[[113.894348,-8.582201],[113.8937,-8.58327],[113.893333,-8.583261],[113.894348,-8.582201]]],[[[113.894646,-8.580025],[113.896202,-8.579791],[113.894829,-8.58029],[113.894646,-8.580025]]],[[[113.922974000000181,-8.574429],[113.923538000000121,-8.574924],[113.922890000000166,-8.574684],[113.922974000000181,-8.574429]]],[[[113.866783000000169,-8.562198],[113.867035000000101,-8.562671],[113.866882,-8.562654],[113.866783000000169,-8.562198]]],[[[113.858467000000132,-8.560861],[113.859192,-8.560351],[113.858475,-8.561177],[113.858467000000132,-8.560861]]],[[[113.856522000000268,-8.560093],[113.857086,-8.560268],[113.856834000000163,-8.560426],[113.856522000000268,-8.560093]]],[[[114.431412001000012,-8.044150000999934],[114.430046,-8.045043998999915],[114.429413000000295,-8.044633000999966],[114.431412001000012,-8.044150000999934]]]]}},
{"type":"Feature","properties":{"id_feature":202303,"id_wilayah":3,"tahun":2023,"nama_wilayah":"Bondowoso","jenis_wilayah":"kabupaten","bakorwil":"Bakorwil V Jember","kode_bps":"3511","jumlah_project":3,"jumlah_mentor":0,"jumlah_talenta":4,"jumlah_client":3},"geometry":{"type":"MultiPolygon","coordinates":[[[[113.868125916000054,-8.035858153999925],[113.855018617000155,-8.022206306999919],[113.851303100000109,-8.027078627999913],[113.845359802000075,-8.024040221999883],[113.85395050000011,-8.033453940999948],[113.854301453000176,-8.045752524999955],[113.812591554000051,-8.046125411999981],[113.802207947000056,-8.057662962999871],[113.79051208400017,-8.049409865999962],[113.781806946000074,-8.050318718999904],[113.770462037000129,-8.038731575999975],[113.758064271000308,-8.057752609999909],[113.750488281000344,-8.052042006999955],[113.751892089000194,-8.06082534899997],[113.747558594000111,-8.06498432099994],[113.746116639000093,-8.05133533399993],[113.726188660000048,-8.023572920999925],[113.72048187300004,-8.023271560999945],[113.70914459200003,-8.011621475999959],[113.687240600000109,-8.011513709999917],[113.671989440000175,-7.986698627999942],[113.671264649000136,-7.968392847999894],[113.648521423000034,-7.973927973999935],[113.63567352300015,-7.96557569499987],[113.629516602000081,-7.972459792999871],[113.62326049700016,-7.962204454999835],[113.637123109000186,-7.949588775999871],[113.660438537,-7.938457964999941],[113.662918090000062,-7.921591758999966],[113.673316955000132,-7.918925284999943],[113.688896180000143,-7.903313159999868],[113.699745178000171,-7.899613379999892],[113.708084107000104,-7.884839056999965],[113.722038268,-7.879758356999957],[113.734756469000217,-7.835866927999859],[113.731361390000075,-7.819929122999838],[113.739379883000311,-7.804452417999926],[113.739715576000094,-7.788903711999978],[113.747360230000254,-7.79625082099983],[113.766227721000064,-7.798428057999956],[113.76831054600018,-7.79493665699988],[113.793434143000127,-7.802810190999878],[113.80411511900013,-7.816607973999908],[113.821426392000262,-7.8109722129999],[113.836883666000062,-7.812303809999946],[113.853248596000185,-7.79436302199997],[113.872322083000086,-7.797525405999863],[113.877288818000125,-7.791079520999972],[113.882919312000013,-7.797086714999978],[113.903556824000134,-7.803180217999852],[113.90550232000021,-7.795645712999942],[113.918228149000015,-7.788805961999969],[113.933097840000073,-7.793400764999888],[113.937721252000188,-7.786943911999913],[113.935707093000246,-7.776435374999949],[113.950843812000244,-7.765230654999868],[113.963134766000053,-7.773503302999927],[113.980583191000051,-7.771468161999906],[113.991470336000134,-7.778251169999919],[113.999908446000063,-7.772096633999979],[114.006462098000156,-7.756793021999954],[114.011940003000177,-7.762610434999942],[114.062042236000025,-7.758764266999947],[114.071258545000092,-7.761195658999952],[114.079345704000161,-7.770706176999965],[114.074890137000011,-7.783111094999924],[114.089355468000235,-7.80600500099996],[114.089164734000065,-7.82426595599992],[114.095596313000101,-7.840616224999962],[114.092529297000056,-7.875441551999927],[114.111137391000057,-7.909597872999939],[114.113510132000215,-7.942084311999963],[114.127876283000091,-7.975959299999886],[114.127639771000077,-7.99302005699991],[114.141151428000057,-7.981392858999868],[114.166236878000291,-7.970445155999926],[114.211692810000045,-7.977763175999939],[114.224342346000071,-7.986661910999828],[114.238258362000238,-8.006146430999934],[114.240707397000278,-8.013435362999928],[114.235816956,-8.031208037999932],[114.248764038000104,-8.045647619999954],[114.246719359000167,-8.054665564999937],[114.231140137000011,-8.070425033999982],[114.219749450000222,-8.073735235999948],[114.214088440000069,-8.099485397999956],[114.195693970000093,-8.103339195999979],[114.184379578000062,-8.120910643999878],[114.176460267000039,-8.120318411999904],[114.17274475000022,-8.107336042999975],[114.14649963300019,-8.100989340999945],[114.11658477800006,-8.114376067999842],[114.091743470000097,-8.116150855999933],[114.078575135000051,-8.126810072999945],[114.060424805000025,-8.122423172999959],[114.051322938000226,-8.132596016999969],[114.043296814000314,-8.133618354999896],[114.034614563000218,-8.128876684999966],[114.038589477000301,-8.120491026999957],[114.029563903000167,-8.115055084999881],[114.028236389000085,-8.095111845999838],[114.004806518000123,-8.07123374899993],[113.987144471000079,-8.066942214999926],[113.970199584000056,-8.054953573999967],[113.958648683000092,-8.055067061999978],[113.918609619000108,-8.024968145999935],[113.890213013000334,-8.014441489999967],[113.884376525000107,-8.019872664999923],[113.884910583000192,-8.030037878999906],[113.87248992800005,-8.029894828999886],[113.868125916000054,-8.035858153999925]]]]}},
{"type":"Feature","properties":{"id_feature":202304,"id_wilayah":4,"tahun":2023,"nama_wilayah":"Situbondo","jenis_wilayah":"kabupaten","bakorwil":"Bakorwil V Jember","kode_bps":"3512","jumlah_project":0,"jumlah_mentor":0,"jumlah_talenta":0,"jumlah_client":0},"geometry":{"type":"MultiPolygon","coordinates":[[[[114.166801452000072,-7.97041034699987],[114.141151428000057,-7.981392858999868],[114.127639771000077,-7.99302005699991],[114.127876283000091,-7.975959299999886],[114.113510132000215,-7.942084311999963],[114.111137391000057,-7.909597872999939],[114.092529297000056,-7.875441551999927],[114.095596313000101,-7.840616224999962],[114.089164734000065,-7.82426595599992],[114.08843994200015,-7.802736281999955],[114.074890137000011,-7.783111094999924],[114.079345704000161,-7.770706176999965],[114.0663757330002,-7.759330748999957],[114.011940003000177,-7.762610434999942],[114.006637574000251,-7.756760119999967],[113.999908446000063,-7.772096633999979],[113.991470336000134,-7.778251169999919],[113.980583191000051,-7.771468161999906],[113.963134766000053,-7.773503302999927],[113.950843812000244,-7.765230654999868],[113.935707093000246,-7.776435374999949],[113.934814453000286,-7.792744636999885],[113.918228149000015,-7.788805961999969],[113.90550232000021,-7.795645712999942],[113.903556824000134,-7.803180217999852],[113.882919312000013,-7.797086714999978],[113.877288818000125,-7.791079520999972],[113.872322083000086,-7.797525405999863],[113.853248596000185,-7.79436302199997],[113.834297000000106,-7.813126],[113.821426392000262,-7.8109722129999],[113.801582,-7.816535],[113.799934001000224,-7.80778100099991],[113.793434143000127,-7.802810190999878],[113.76831054600018,-7.79493665699988],[113.766227721000064,-7.798428057999956],[113.747360230000254,-7.79625082099983],[113.739715576000094,-7.788903711999978],[113.739379883000311,-7.804452417999926],[113.731361390000075,-7.819929122999838],[113.734756469000217,-7.835866927999859],[113.722038268,-7.879758356999957],[113.708084107000104,-7.884839056999965],[113.699745178000171,-7.899613379999892],[113.688896180000143,-7.903313159999868],[113.673316955000132,-7.918925284999943],[113.662918090000062,-7.921591758999966],[113.660438537,-7.938457964999941],[113.623802185000045,-7.961433886999941],[113.616622926000105,-7.958734989999925],[113.622550964000197,-7.95276927999987],[113.614700318000018,-7.953140734999977],[113.61110687200005,-7.948382376999973],[113.626274108000189,-7.916453838999928],[113.623329163000335,-7.89511966699996],[113.615097047000063,-7.887107848999904],[113.617279052000072,-7.873166559999959],[113.602348327000072,-7.845155714999976],[113.611648560000162,-7.82519960299993],[113.592155457000104,-7.805414199999973],[113.606079102000081,-7.798935888999949],[113.600708008000311,-7.775310039999908],[113.576393128000063,-7.756195543999979],[113.572845459000064,-7.739912032999939],[113.57930755700022,-7.725923060999946],[113.589653015000181,-7.725354670999934],[113.590705871000068,-7.716603278999969],[113.597862244000225,-7.715280056999973],[113.610137939000083,-7.722903251999924],[113.647476196000184,-7.723529815999939],[113.666061402000082,-7.736981868999976],[113.713058472000057,-7.707839965999881],[113.723541261000037,-7.721210001999907],[113.763313294000227,-7.737830160999977],[113.796463013000107,-7.727019786999847],[113.817138672000056,-7.699409960999958],[113.831047058000081,-7.688409804999935],[113.862167359000068,-7.684510229999944],[113.868171691000043,-7.679950235999968],[113.90470886300011,-7.699530123999978],[113.912910462000127,-7.696599958999968],[113.930496216000165,-7.700749873999882],[113.939376832000221,-7.677279948999967],[113.95430755700022,-7.679090022999901],[113.972282409000172,-7.65150022499995],[114.004493714000319,-7.634799957999974],[114.032325745000207,-7.606146812999839],[114.030532836000134,-7.610130309999931],[114.04431152400025,-7.613160133999941],[114.041069030000017,-7.60692977899987],[114.034866332000206,-7.606789112999934],[114.036865235000278,-7.604368209999848],[114.045837403000291,-7.608644961999858],[114.060401916000046,-7.623702525999875],[114.106727599000124,-7.706520080999951],[114.123641967000026,-7.707139967999979],[114.134880066000051,-7.713739871999906],[114.165748597000174,-7.715179919999969],[114.187866211000141,-7.712600230999954],[114.194862366000052,-7.707590103999905],[114.207809448000148,-7.718050001999927],[114.240463256000112,-7.698090075999914],[114.293769836000024,-7.747839927999962],[114.309806823000031,-7.746300219999966],[114.31851959100004,-7.755929946999913],[114.328720092000026,-7.758279798999922],[114.350326539000093,-7.753530023999929],[114.371063233000086,-7.757040023999934],[114.358871460000046,-7.748939990999872],[114.374069214000087,-7.748859882999966],[114.391746520000197,-7.769830225999954],[114.404388427000185,-7.77011013099991],[114.431747437000126,-7.792640208999956],[114.438858033000088,-7.788710117999926],[114.458503723000035,-7.808869837999964],[114.468086242000027,-7.835070132999931],[114.466537475000223,-7.845940111999937],[114.45890045200008,-7.85054015999998],[114.466018678000069,-7.84801006399988],[114.464736938000215,-7.858709812999905],[114.459648132000098,-7.862420081999971],[114.463836670000092,-7.889319896999893],[114.444053651000104,-7.899079799999981],[114.437019349000025,-7.910240172999977],[114.423538207000092,-7.916860102999976],[114.423797607000097,-7.935500143999832],[114.41284179600018,-7.940119264999908],[114.396530152000082,-7.926803110999913],[114.344375610000043,-7.91142129799988],[114.340545653000163,-7.905920504999926],[114.332839965000176,-7.906915186999981],[114.30355835000023,-7.88467979499984],[114.283134461000145,-7.897235870999907],[114.271324157000095,-7.919590949999929],[114.250892640000075,-7.937760829999831],[114.224342346000071,-7.986661910999828],[114.192840577000197,-7.972002981999935],[114.166801452000072,-7.97041034699987]]]]}},
{"type":"Feature","properties":{"id_feature":202305,"id_wilayah":5,"tahun":2023,"nama_wilayah":"Lumajang","jenis_wilayah":"kabupaten","bakorwil":"Bakorwil V Jember","kode_bps":"3508","jumlah_project":1,"jumlah_mentor":0,"jumlah_talenta":0,"jumlah_client":1},"geometry":{"type":"MultiPolygon","coordinates":[[[[112.96996307400002,-8.333760260999952],[112.959594726000091,-8.353158949999909],[112.938156128000173,-8.337135313999966],[112.934051514000203,-8.328177451999977],[112.942420960000049,-8.317475317999936],[112.941322327000194,-8.310885428999939],[112.918540954000036,-8.307156561999932],[112.916175843000019,-8.291307448999873],[112.905914307000103,-8.288053511999976],[112.899406433000081,-8.267230987999881],[112.907844543000124,-8.275164604999873],[112.920700073000262,-8.250000000999876],[112.903137207000213,-8.15774726799998],[112.925498963000109,-8.110750197999948],[112.922019959000068,-8.107417106999947],[112.923156738000216,-8.086958885999934],[112.905822753000166,-8.081560134999961],[112.899978637000117,-8.061138152999945],[112.908927918000131,-8.050852775999942],[112.908981324000138,-8.041626928999904],[112.934730530000024,-8.018756864999887],[112.927040100000227,-7.997110365999959],[112.936286926000207,-8.000285148999922],[112.942199708000089,-7.983355998999855],[112.953041076000204,-7.986645220999947],[112.974891662000118,-7.980465410999955],[112.994049072000166,-7.960579870999879],[113.023651122000047,-7.970233440999948],[113.036148070000195,-7.980669019999937],[113.05670928900031,-8.010454177999918],[113.064338684000177,-7.998294830999896],[113.063125610000156,-7.987429141999883],[113.069725036000023,-7.981830596999941],[113.104080201000102,-7.980883119999874],[113.114723205000018,-7.991734503999965],[113.120689392000031,-7.990368841999953],[113.136032105000027,-7.976556777999917],[113.149429321000071,-7.979876040999955],[113.154335021000065,-7.971192358999929],[113.191123962,-7.944756029999951],[113.197967530000142,-7.931526659999975],[113.206077575000108,-7.926931856999943],[113.211959839000087,-7.911035536999975],[113.208320618000016,-7.897897243999921],[113.248268127000074,-7.908027170999901],[113.256584167000028,-7.906913278999923],[113.262542724000014,-7.896042823999949],[113.274574280000024,-7.929528713999957],[113.325180054000043,-7.928749084999822],[113.344596864000096,-7.955381392999925],[113.346527099000014,-7.975500105999913],[113.35709381200013,-7.984245299999884],[113.361511231000122,-7.996151447999921],[113.367095948000042,-8.021453856999926],[113.354980468,-8.035292624999897],[113.348663330000136,-8.054896353999936],[113.357070923000038,-8.078250884999818],[113.366653442000029,-8.085650443999839],[113.361953735000156,-8.100623130999963],[113.36840057400002,-8.110672949999866],[113.362358094000115,-8.118205069999931],[113.375877062000086,-8.130837154999881],[113.372391000000107,-8.146483],[113.379021000000193,-8.148527],[113.379585266000163,-8.157225608999966],[113.374855,-8.165077000999872],[113.365982056000121,-8.16832351599993],[113.367851258000201,-8.185212134999915],[113.360626220000313,-8.189457893999929],[113.353141784000286,-8.203742027999908],[113.333389281000109,-8.208283423999887],[113.326843262000011,-8.221261976999926],[113.313011169000106,-8.228894233999938],[113.319702148000033,-8.265568732999952],[113.303413391000049,-8.307476996999981],[113.261413574000017,-8.289050102999909],[113.219688416000167,-8.281530380999868],[113.161453247000054,-8.282030104999933],[113.122398377000195,-8.29125976499995],[113.079536438000332,-8.285710333999873],[113.070251466000059,-8.28954029099998],[113.065490723000039,-8.297450064999907],[113.050323487000242,-8.297809600999926],[113.011070252000081,-8.310919760999923],[112.96996307400002,-8.333760260999952]]],[[[113.295174015000271,-7.926634121499944],[113.295270258000187,-7.92713935699993],[113.295029810000187,-7.927755394999849],[113.295174015000271,-7.926634121499944]]]]}},
{"type":"Feature","properties":{"id_feature":202306,"id_wilayah":6,"tahun":2023,"nama_wilayah":"Probolinggo","jenis_wilayah":"kabupaten","bakorwil":"Bakorwil V Jember","kode_bps":"3513","jumlah_project":2,"jumlah_mentor":0,"jumlah_talenta":1,"jumlah_client":4},"geometry":{"type":"MultiPolygon","coordinates":[[[[113.478874206000228,-8.018293380999921],[113.444114685000045,-8.024208067999894],[113.441497802000299,-8.016619681999885],[113.433631896000179,-8.02130699199995],[113.425369264000096,-8.011185644999955],[113.408714294000106,-8.013230323999949],[113.391288757000098,-7.997274875999892],[113.387168884000175,-8.013656615999878],[113.363044738000099,-8.027681350999956],[113.367103576000204,-8.02125453899987],[113.360656739000092,-7.992784499999971],[113.346687317000146,-7.975803851999899],[113.344955443000231,-7.956066131999876],[113.328186035000044,-7.93196296799988],[113.308288575,-7.926497458999961],[113.293563843000129,-7.928067682999938],[113.281387,-7.928402],[113.274574280000024,-7.929528713999957],[113.262542724000014,-7.896042823999949],[113.256584167000028,-7.906913278999923],[113.248268127000074,-7.908027170999901],[113.20751953100023,-7.898044108999898],[113.211959839000087,-7.911035536999975],[113.206077575000108,-7.926931856999943],[113.149429321000071,-7.979876040999955],[113.136032105000027,-7.976556777999917],[113.114723205000018,-7.991734503999965],[113.104080201000102,-7.980883119999874],[113.069725036000023,-7.981830596999941],[113.063125610000156,-7.987429141999883],[113.064338684000177,-7.998294830999896],[113.05784606900022,-8.010484694999889],[113.036148070000195,-7.980669019999937],[113.009155273000147,-7.963677883999878],[112.994049072000166,-7.960579870999879],[112.974891662000118,-7.980465410999955],[112.953041076000204,-7.986645220999947],[112.935539246000189,-7.979806899999915],[112.927795410000158,-7.964865206999889],[112.937622071000078,-7.950390338999966],[112.952888000000144,-7.943349999999896],[112.95290374700005,-7.91505336799986],[112.948799132000204,-7.906309127999975],[112.955863953000062,-7.898335456999973],[112.966003418000128,-7.895952700999885],[113.027412414000082,-7.833842754999978],[113.047233582000104,-7.819969654999966],[113.053703308000195,-7.785280703999945],[113.050170898000147,-7.775979040999971],[113.056945800000108,-7.76206159599991],[113.054710388000217,-7.748151779999944],[113.06921386700003,-7.735410689999981],[113.088119508000091,-7.707420825999918],[113.096366882000098,-7.706319808999979],[113.113922120000097,-7.72630977599988],[113.124877930000025,-7.722229956999911],[113.140083313000105,-7.725969789999908],[113.150947570000085,-7.741320131999942],[113.169593811000027,-7.738289832999897],[113.167526244000101,-7.727960108999923],[113.17278289800015,-7.726749896999877],[113.179763795000213,-7.744390010999894],[113.17433929300023,-7.754513262999865],[113.166114808000202,-7.753905296999903],[113.163917542000263,-7.779229640999972],[113.17893981900022,-7.783371924999926],[113.177001953000058,-7.788482666999926],[113.182174683000198,-7.789617059999955],[113.178291321000188,-7.809983729999942],[113.200157166000054,-7.812477588999968],[113.205131531,-7.804404735999981],[113.204429626000092,-7.814084051999828],[113.216110230000027,-7.820199965999961],[113.219787598000039,-7.811574458999928],[113.224540711000259,-7.812073706999911],[113.226203919000227,-7.801500319999946],[113.24001312300004,-7.808750628999974],[113.237075806000121,-7.798512934999962],[113.242362976000095,-7.795340537999891],[113.234016419000227,-7.780542372999946],[113.236572265000063,-7.762714384999924],[113.232154847000174,-7.756003379999981],[113.237197876000096,-7.740306376999968],[113.246879577000072,-7.745450019999964],[113.254981995000094,-7.742630003999921],[113.256820678000054,-7.75407981799998],[113.271316528000057,-7.777110098999913],[113.286811829000271,-7.783559798999931],[113.289749146000077,-7.775869845999978],[113.304962159000297,-7.767960070999948],[113.316856384000062,-7.768229960999975],[113.32431793100011,-7.776159761999963],[113.345596313000101,-7.771049974999869],[113.372062683000081,-7.750979899999891],[113.381973268000024,-7.736219882999876],[113.388687135000168,-7.744200228999944],[113.393402101000333,-7.738130092999938],[113.402198791000046,-7.740530014999933],[113.411529540000174,-7.734469890999947],[113.438827514000195,-7.73424005499993],[113.486793517000024,-7.697939871999949],[113.500930787000016,-7.698390007999933],[113.54656219500032,-7.71354007799988],[113.56263732900004,-7.714240072999928],[113.579292297000052,-7.7080998429999],[113.597633361000021,-7.715169906999904],[113.590644836000251,-7.716666221999901],[113.588279725000234,-7.726529598999946],[113.578674317000036,-7.726545809999948],[113.572555541000042,-7.742067813999938],[113.576393128000063,-7.756195543999979],[113.600708008000311,-7.775310039999908],[113.606079102000081,-7.798935888999949],[113.592155457000104,-7.805414199999973],[113.611648560000162,-7.82519960299993],[113.602348327000072,-7.845155714999976],[113.617279052000072,-7.873166559999959],[113.615097047000063,-7.887107848999904],[113.623329163000335,-7.89511966699996],[113.626289369000119,-7.917029857999978],[113.611122131000229,-7.950057505999951],[113.62232971100002,-7.952441691999923],[113.615661621000072,-7.958145141999978],[113.623802185000045,-7.961433886999941],[113.629516602000081,-7.972459792999871],[113.63567352300015,-7.96557569499987],[113.643562316000157,-7.973119735999944],[113.627685547000056,-7.975905894999926],[113.62698364400012,-7.981812953999963],[113.618820191000168,-7.983492374999969],[113.614723207000111,-7.992711066999959],[113.613784790000182,-7.988571642999943],[113.605621338000105,-7.989082811999936],[113.602600098000039,-7.979587076999962],[113.592475892000039,-7.979192255999976],[113.587341309000067,-7.985786914999892],[113.560806275000118,-7.986625193999885],[113.552536010000154,-7.998210429999915],[113.530197143,-8.008109092999973],[113.5281372070001,-8.016924856999935],[113.494422912000118,-8.005125045999876],[113.480422974000135,-7.992403029999934],[113.476272584000071,-7.996930121999981],[113.482055665000075,-8.008554458999981],[113.478874206000228,-8.018293380999921]],[[113.295212000000106,-7.926980998999966],[113.295029810000187,-7.927755394999849],[113.295174015000271,-7.926634121499944],[113.295212000000106,-7.926980998999966]]],[[[113.26105499200014,-7.678883551999888],[113.256614686000148,-7.681100367999818],[113.242774963000102,-7.680366037999875],[113.257171630000016,-7.676216600999965],[113.26105499200014,-7.678883551999888]]]]}},
{"type":"Feature","properties":{"id_feature":202307,"id_wilayah":7,"tahun":2023,"nama_wilayah":"Kota Probolinggo","jenis_wilayah":"kota","bakorwil":"Bakorwil V Jember","kode_bps":"3574","jumlah_project":0,"jumlah_mentor":0,"jumlah_talenta":0,"jumlah_client":0},"geometry":{"type":"MultiPolygon","coordinates":[[[[113.217002870000215,-7.819854736999901],[113.204101563000222,-7.813576697999963],[113.205131531,-7.804404735999981],[113.200157166000054,-7.812477588999968],[113.178291321000188,-7.809983729999942],[113.182754517000035,-7.791374206999933],[113.177001953000058,-7.788482666999926],[113.17893981900022,-7.783371924999926],[113.163917542000263,-7.779229640999972],[113.167953491000162,-7.761418818999971],[113.164329529000156,-7.759195326999929],[113.166114808000202,-7.753905296999903],[113.17433929300023,-7.754513262999865],[113.180755616000056,-7.746634960999927],[113.210361436000085,-7.739542650999908],[113.215057000000115,-7.736340000999974],[113.216064,-7.727735],[113.216843,-7.727706],[113.217262067000206,-7.727459975999921],[113.21609499900012,-7.733644],[113.216849999000033,-7.736512998999899],[113.217727999500084,-7.724657],[113.2218322760001,-7.732739924999976],[113.228935242000148,-7.724979876999896],[113.221420287000228,-7.734282491999977],[113.237197876000096,-7.740306376999968],[113.232154847000174,-7.756003379999981],[113.236572265000063,-7.762714384999924],[113.234016419000227,-7.780542372999946],[113.242362976000095,-7.795340537999891],[113.237075806000121,-7.798512934999962],[113.24001312300004,-7.808750628999974],[113.226203919000227,-7.801500319999946],[113.224540711000259,-7.812073706999911],[113.219581603000279,-7.811774252999953],[113.217002870000215,-7.819854736999901]]],[[[113.217438000000129,-7.72466],[113.217552,-7.722185],[113.217262000000119,-7.72746],[113.217438000000129,-7.72466]]],[[[113.217727999500084,-7.724657],[113.218117,-7.722473],[113.218216,-7.722491],[113.217727999500084,-7.724657]]]]}},
{"type":"Feature","properties":{"id_feature":202501,"id_wilayah":1,"tahun":2025,"nama_wilayah":"Jember","jenis_wilayah":"kabupaten","bakorwil":"Bakorwil V Jember","kode_bps":"3509","jumlah_project":2,"jumlah_mentor":9,"jumlah_talenta":12,"jumlah_client":7},"geometry":{"type":"MultiPolygon","coordinates":[[[[113.659805000000233,-8.503645],[113.661331,-8.500398],[113.660233000000176,-8.503943],[113.659805000000233,-8.503645]]],[[[113.661667,-8.500058],[113.661682000000155,-8.500471],[113.661453000000165,-8.500328],[113.661667,-8.500058]]],[[[113.664635,-8.500026],[113.665131000000201,-8.500427],[113.664474,-8.500224],[113.664635,-8.500026]]],[[[113.661415,-8.499446],[113.662621000000172,-8.498838],[113.661438,-8.499763],[113.661415,-8.499446]]],[[[113.6160931390001,-8.500276013999951],[113.615833138000198,-8.500265012999932],[113.616151569000294,-8.499912176999942],[113.6160931390001,-8.500276013999951]]],[[[113.616054,-8.499445],[113.616199,-8.499837],[113.615864000000215,-8.499747],[113.616054,-8.499445]]],[[[113.617183,-8.49981],[113.617511,-8.499319],[113.6178010000001,-8.499899],[113.617183,-8.49981]]],[[[113.614739000000213,-8.499695],[113.61428200000023,-8.499222],[113.615182000000118,-8.499375],[113.614739000000213,-8.499695]]],[[[113.616549,-8.498919],[113.616732,-8.499266],[113.616336,-8.499227],[113.616549,-8.498919]]],[[[113.619324,-8.497739],[113.616936000000123,-8.49859],[113.61808,-8.496848],[113.619324,-8.497739]]],[[[113.644516,-8.496119],[113.64505,-8.496634],[113.644539000000123,-8.496561],[113.644516,-8.496119]]],[[[113.6455,-8.4959],[113.645576000000119,-8.496515],[113.645271,-8.496264],[113.6455,-8.4959]]],[[[113.62384800000018,-8.486402],[113.624191,-8.486011],[113.624352000000158,-8.486406],[113.62384800000018,-8.486402]]],[[[113.624435,-8.485578],[113.624489000000153,-8.485408999999891],[113.624611,-8.485468],[113.624435,-8.485578]]],[[[113.623154,-8.4819],[113.623367,-8.48206],[113.623055000000136,-8.482],[113.623154,-8.4819]]],[[[113.623642,-8.472864],[113.624092000000132,-8.472281],[113.624031,-8.47288],[113.623642,-8.472864]]],[[[113.800377,-8.559589],[113.801048000000264,-8.560006],[113.800293,-8.56073],[113.800377,-8.559589]]],[[[113.806931,-8.557199],[113.806755,-8.557549],[113.806717,-8.557302],[113.806931,-8.557199]]],[[[113.805351,-8.553942],[113.806610000000205,-8.553952],[113.805786000000239,-8.555047],[113.805351,-8.553942]]],[[[113.803368,-8.553504],[113.803932000000145,-8.554054],[113.803291,-8.55386],[113.803368,-8.553504]]],[[[113.743263,-8.545756],[113.743607,-8.546174],[113.742851,-8.546586999999874],[113.743263,-8.545756]]],[[[113.746941,-8.544407],[113.74424,-8.544646],[113.747177000000192,-8.542759],[113.746941,-8.544407]]],[[[113.705864,-8.531166],[113.70929,-8.534125],[113.703201000000149,-8.533172999999863],[113.705864,-8.531166]]],[[[113.701889,-8.532114],[113.703300000000127,-8.53214],[113.70163,-8.532443],[113.701889,-8.532114]]],[[[113.804428000000144,-8.552077],[113.804123,-8.552587],[113.80397,-8.552507],[113.804428000000144,-8.552077]]],[[[113.80003400000021,-8.550127],[113.801407000000154,-8.550098],[113.800064,-8.550627],[113.80003400000021,-8.550127]]],[[[113.804192000000171,-8.517712],[113.803932000000145,-8.518116],[113.803795,-8.517676],[113.804192000000171,-8.517712]]],[[[113.788528000000156,-8.514662],[113.791092,-8.513484],[113.788414,-8.515017],[113.788528000000156,-8.514662]]],[[[113.755875,-8.522359],[113.755707,-8.522607],[113.755615,-8.522366],[113.755875,-8.522359]]],[[[113.755310000000236,-8.520736],[113.755348,-8.521236],[113.754791,-8.520911],[113.755310000000236,-8.520736]]],[[[113.714981,-8.504445],[113.714279000000147,-8.503347],[113.715202,-8.503434],[113.714981,-8.504445]]],[[[113.64917000000014,-8.4853],[113.636208,-8.472449999999867],[113.642014000000131,-8.46526],[113.63945,-8.45631],[113.624367,-8.45484],[113.626472,-8.44909],[113.609703,-8.43916],[113.595261,-8.43578],[113.582787,-8.44439],[113.581207,-8.432626],[113.569992,-8.42554],[113.557022,-8.42709],[113.55291,-8.43646],[113.549637,-8.4332],[113.548927000000162,-8.43366],[113.547394,-8.43333],[113.549362,-8.43275],[113.549133,-8.43034],[113.52961,-8.42711],[113.526283000000149,-8.43043],[113.508331,-8.420099999999877],[113.504448,-8.42331],[113.494171,-8.41337],[113.484901,-8.416389999999865],[113.474701,-8.39854],[113.475838,-8.39689],[113.475166,-8.38552],[113.462860003142055,-8.378561975620812],[113.42662811300022,-8.380610465999951],[113.388046265000071,-8.400329589999899],[113.358413696000071,-8.35025978099992],[113.328659057000095,-8.32211971299995],[113.303413391000049,-8.307476996999981],[113.319702148000033,-8.265568732999952],[113.313011169000106,-8.228894233999938],[113.326843262000011,-8.221261976999926],[113.333389281000109,-8.208283423999887],[113.353141784000286,-8.203742027999908],[113.360626220000313,-8.189457893999929],[113.367851258000201,-8.185212134999915],[113.365982056000121,-8.16832351599993],[113.379471,-8.157930000999897],[113.379021000000193,-8.148527],[113.372391000000107,-8.146483],[113.375877062000086,-8.130837154999881],[113.362358094000115,-8.118205069999931],[113.36840057400002,-8.110672949999866],[113.361953735000156,-8.100623130999963],[113.366653442000029,-8.085650443999839],[113.357070923000038,-8.078250884999818],[113.348670960000049,-8.05470943499995],[113.354980468,-8.035292624999897],[113.387168884000175,-8.013656615999878],[113.391288757000098,-7.997274875999892],[113.408714294000106,-8.013230323999949],[113.425369264000096,-8.011185644999955],[113.433631896000179,-8.02130699199995],[113.441497802000299,-8.016619681999885],[113.444435120000207,-8.024371147999886],[113.458259583000086,-8.024671554999884],[113.47939300500002,-8.01764011299997],[113.482009888000107,-8.008248329999958],[113.476272584000071,-7.996930121999981],[113.480422974000135,-7.992403029999934],[113.494422912000118,-8.005125045999876],[113.5281372070001,-8.016924856999935],[113.530197143,-8.008109092999973],[113.552536010000154,-7.998210429999915],[113.560806275000118,-7.986625193999885],[113.587341309000067,-7.985786914999892],[113.592475892000039,-7.979192255999976],[113.602600098000039,-7.979587076999962],[113.605621338000105,-7.989082811999936],[113.613784790000182,-7.988571642999943],[113.614723207000111,-7.992711066999959],[113.618820191000168,-7.983492374999969],[113.62698364400012,-7.981812953999963],[113.627685547000056,-7.975905894999926],[113.671134948000145,-7.968296527999939],[113.671989440000175,-7.986698627999942],[113.687240600000109,-8.011513709999917],[113.70914459200003,-8.011621475999959],[113.72048187300004,-8.023271560999945],[113.726188660000048,-8.023572920999925],[113.746116639000093,-8.05133533399993],[113.747558594000111,-8.06498432099994],[113.751892089000194,-8.06082534899997],[113.750885010000047,-8.051604271999963],[113.758064271000308,-8.057752609999909],[113.771766663000221,-8.038377761999925],[113.781806946000074,-8.050318718999904],[113.79051208400017,-8.049409865999962],[113.802207947000056,-8.057662962999871],[113.812591554000051,-8.046125411999981],[113.854301453000176,-8.045752524999955],[113.85395050000011,-8.033453940999948],[113.845359802000075,-8.024040221999883],[113.851303100000109,-8.027078627999913],[113.855018617000155,-8.022206306999919],[113.86842346200001,-8.035837172999948],[113.87248992800005,-8.029894828999886],[113.884910583000192,-8.030037878999906],[113.884376525000107,-8.019872664999923],[113.890022277000185,-8.014410018999968],[113.918609619000108,-8.024968145999935],[113.958648683000092,-8.055067061999978],[113.970199584000056,-8.054953573999967],[113.987144471000079,-8.066942214999926],[114.004806518000123,-8.07123374899993],[114.028236389000085,-8.095111845999838],[114.029563903000167,-8.115055084999881],[114.038589477000301,-8.120491026999957],[114.034614563000218,-8.128876684999966],[114.043113708000078,-8.134447097999896],[114.037292481000122,-8.139760017999947],[114.022552490000066,-8.141417502999957],[113.990882873000146,-8.182614325999907],[113.970726014000093,-8.189533232999963],[113.957832337000013,-8.205780028999868],[113.968070984000065,-8.220554350999919],[113.966644287000122,-8.232213019999904],[113.959373474000245,-8.243258474999948],[113.944236755000247,-8.244484899999918],[113.934341431000234,-8.255193708999911],[113.93733215400016,-8.266300201999968],[113.934295654000266,-8.281473159999962],[113.920310974000131,-8.308166503999928],[113.928337097000281,-8.319819449999898],[113.927162170000315,-8.327595709999912],[113.909012,-8.34686],[113.915825,-8.348118],[113.921227,-8.357324],[113.921646119000229,-8.369895933999885],[113.927750000000287,-8.376713],[113.923676,-8.384262],[113.947258,-8.40167],[113.937431336000031,-8.409064291999925],[113.932068,-8.425376],[113.910240000000158,-8.441873],[113.899231,-8.434336],[113.90033,-8.423871],[113.890343,-8.409854],[113.854637000000139,-8.429845],[113.842133000000103,-8.494321],[113.843056,-8.503391],[113.855019,-8.519502],[113.837151,-8.554029],[113.833641,-8.54167],[113.838257,-8.53632],[113.836998000000108,-8.53026],[113.828773,-8.5277],[113.825180000000159,-8.54309],[113.821716,-8.54199],[113.815552,-8.54647],[113.814522000000125,-8.55894],[113.806831,-8.55599],[113.806976,-8.54756],[113.816109,-8.53667],[113.807663000000161,-8.532219999999882],[113.809029,-8.52916],[113.80761,-8.52065],[113.803757,-8.52065],[113.810493,-8.5156],[113.805603,-8.50782],[113.812523,-8.50314],[113.796066,-8.48983],[113.78907,-8.48989],[113.787354,-8.49913],[113.78015100000016,-8.49602],[113.771072,-8.50401],[113.758293,-8.503],[113.754707,-8.51037],[113.761658,-8.51434],[113.753777,-8.51985],[113.73439000000019,-8.52606],[113.731369,-8.51542],[113.725197,-8.52096],[113.722321,-8.51746],[113.712227,-8.5286],[113.712570000000142,-8.51546],[113.7192,-8.5122],[113.716408000000229,-8.50946],[113.721817,-8.49684],[113.71714,-8.48527],[113.702927,-8.48276],[113.703217,-8.49061],[113.689133,-8.50563],[113.683594,-8.49138],[113.672836,-8.4926],[113.669083,-8.498229999999865],[113.64614900000015,-8.49501],[113.643997,-8.49009],[113.64917000000014,-8.4853]]],[[[113.554787,-8.436541],[113.555084,-8.436792],[113.554497,-8.436769],[113.554787,-8.436541]]],[[[113.556229,-8.435976],[113.555862,-8.436089],[113.55603,-8.435925],[113.556229,-8.435976]]],[[[113.557663000000161,-8.436023],[113.558311,-8.434978],[113.558907,-8.435575],[113.557663000000161,-8.436023]]],[[[113.555801,-8.435105],[113.556900000000269,-8.434406],[113.556969,-8.434930999999892],[113.555801,-8.435105]]],[[[113.535805,-8.432349998999939],[113.53521000000012,-8.432660000999931],[113.535172000000216,-8.432227998999963],[113.535805,-8.432349998999939]]],[[[113.53727,-8.432589],[113.535728000000177,-8.433035],[113.536133,-8.430764],[113.53727,-8.432589]]],[[[113.539238,-8.432421],[113.539787000000274,-8.431742],[113.540024,-8.432528],[113.539238,-8.432421]]],[[[113.540649,-8.430542],[113.540291,-8.430381],[113.540367000000174,-8.430275],[113.540649,-8.430542]]],[[[113.534821,-8.430643],[113.535286,-8.430296],[113.536079,-8.430404],[113.534821,-8.430643]]],[[[113.540115,-8.429925],[113.540115,-8.42966],[113.540344,-8.429901],[113.540115,-8.429925]]],[[[113.544067,-8.429655],[113.544334,-8.429772],[113.543991000000119,-8.429758],[113.544067,-8.429655]]],[[[113.529594,-8.428414],[113.530235,-8.429473],[113.529762,-8.429703],[113.529594,-8.428414]]],[[[113.623398,-8.471303],[113.623779,-8.471589],[113.623337,-8.471768],[113.623398,-8.471303]]],[[[113.624084,-8.469654],[113.623909000000253,-8.469495999999879],[113.624100000000112,-8.469543],[113.624084,-8.469654]]],[[[113.604362000000151,-8.443794],[113.604401000000166,-8.443294999999864],[113.605087000000253,-8.442948],[113.604362000000151,-8.443794]]],[[[113.583206000000132,-8.444829998999921],[113.582557999000073,-8.445167998999921],[113.5823590010001,-8.444868000999975],[113.583206000000132,-8.444829998999921]]],[[[113.579819000000157,-8.444516],[113.579346000000101,-8.444882],[113.579239000000143,-8.444803],[113.579819000000157,-8.444516]]],[[[113.590247999000212,-8.443475998999929],[113.589553999000145,-8.44359499899997],[113.589668,-8.443089000999976],[113.590247999000212,-8.443475998999929]]],[[[113.589012,-8.442843],[113.589249000000223,-8.44346],[113.58889,-8.443058],[113.589012,-8.442843]]],[[[113.59108,-8.443211],[113.5899730000001,-8.442732],[113.591789,-8.442712],[113.59108,-8.443211]]],[[[113.592186,-8.442418999999859],[113.592125,-8.44277],[113.591911000000209,-8.442616],[113.592186,-8.442418999999859]]],[[[113.579971,-8.442284],[113.580002,-8.441984],[113.580078,-8.442084],[113.579971,-8.442284]]],[[[113.590225,-8.442051],[113.589661000000206,-8.442152],[113.590668,-8.441611],[113.590225,-8.442051]]],[[[113.580147000000125,-8.441961],[113.578003,-8.440991],[113.579926,-8.440803],[113.580147000000125,-8.441961]]],[[[113.549362,-8.438344],[113.549561,-8.438725],[113.549271,-8.438624],[113.549362,-8.438344]]],[[[113.551651000000106,-8.438294],[113.55088000000012,-8.436837],[113.551842,-8.436585],[113.551651000000106,-8.438294]]],[[[113.552567,-8.437222],[113.552025,-8.437284],[113.552185000000236,-8.437002],[113.552567,-8.437222]]],[[[113.549194,-8.439667],[113.548912,-8.439607],[113.549187,-8.439506],[113.549194,-8.439667]]],[[[113.548836,-8.439621],[113.548904,-8.43949],[113.548912,-8.439607],[113.548836,-8.439621]]],[[[113.547798000000171,-8.433895],[113.547279,-8.433467],[113.547867,-8.433596],[113.547798000000171,-8.433895]]],[[[113.547089000000142,-8.432539],[113.54758500000014,-8.432518],[113.547859000000244,-8.432576],[113.547089000000142,-8.432539]]],[[[113.290702999000018,-8.445450999999878],[113.323638999000195,-8.452955999999858],[113.331573001000152,-8.448416999999893],[113.34301,-8.458071998999912],[113.352608,-8.449271000999943],[113.3590160010001,-8.452909],[113.367355000000202,-8.45052],[113.371292001000029,-8.458763998999927],[113.386786999000151,-8.458509],[113.390311999000119,-8.453892],[113.400345,-8.457878],[113.403,-8.467248000999973],[113.405800000000227,-8.465801000999932],[113.403709001000152,-8.472136],[113.4105,-8.467222],[113.419861,-8.469740998999896],[113.410369999000068,-8.475778000999981],[113.409675999000228,-8.490861000999871],[113.401299001000211,-8.489492998999935],[113.404289,-8.494155],[113.398682000000122,-8.496578998999951],[113.379631,-8.495003],[113.350227,-8.50518200099998],[113.340515,-8.500532998999972],[113.326590999000018,-8.501971],[113.309608,-8.508748],[113.313553000000297,-8.500983998999914],[113.31186700000012,-8.500001],[113.306869999000241,-8.508763998999882],[113.298706001000141,-8.502464998999869],[113.293434000000275,-8.508187998999915],[113.285713000000214,-8.498913000999949],[113.268088999000156,-8.497040000999903],[113.26973,-8.490266],[113.262405000000285,-8.486736999999891],[113.26823400000012,-8.467235998999911],[113.287636001000124,-8.460893],[113.293144,-8.450696],[113.290702999000018,-8.445450999999878]]],[[[113.480499,-8.413933],[113.480247,-8.414298],[113.480186,-8.414137],[113.480499,-8.413933]]],[[[113.477516000000264,-8.410072],[113.478638,-8.410684],[113.47747,-8.41062],[113.477516000000264,-8.410072]]],[[[113.474754,-8.397418],[113.474449000000163,-8.39788],[113.474335,-8.397528],[113.474754,-8.397418]]],[[[113.474266,-8.396652],[113.473999,-8.396428],[113.474113000000102,-8.396107],[113.474266,-8.396652]]],[[[113.504173,-8.423833],[113.503838,-8.423756],[113.504204,-8.423754],[113.504173,-8.423833]]],[[[113.817955,-8.562476998999955],[113.817696001000058,-8.562665000999971],[113.817779999000095,-8.562410998999894],[113.817955,-8.562476998999955]]],[[[113.811539,-8.561585],[113.811371,-8.5614],[113.811569,-8.561327],[113.811539,-8.561585]]],[[[113.813675,-8.559791],[113.813713000000121,-8.560301],[113.813606,-8.560266],[113.813675,-8.559791]]],[[[113.816391000000181,-8.559836],[113.81723,-8.559693],[113.816795,-8.560527],[113.816391000000181,-8.559836]]],[[[113.81572,-8.559608],[113.815956000000256,-8.560158],[113.815704,-8.560212],[113.81572,-8.559608]]],[[[113.817589,-8.55876],[113.817444000000137,-8.559101],[113.817223000000126,-8.558832],[113.817589,-8.55876]]],[[[113.816887,-8.558692],[113.816727000000128,-8.558548],[113.816902,-8.558533],[113.816887,-8.558692]]],[[[113.807205,-8.558171],[113.80705300000011,-8.558778],[113.806831,-8.558192],[113.807205,-8.558171]]],[[[113.808601,-8.557437],[113.80838,-8.558032],[113.808136,-8.557638],[113.808601,-8.557437]]],[[[113.823837,-8.543426],[113.823494,-8.543532],[113.823593,-8.54308],[113.823837,-8.543426]]],[[[113.822182000000112,-8.542582],[113.822075000000154,-8.543505],[113.821899000000144,-8.543591],[113.822182000000112,-8.542582]]],[[[113.834358,-8.539156],[113.834908,-8.54006],[113.833771,-8.539671],[113.834358,-8.539156]]],[[[113.830124,-8.534368],[113.830612,-8.535066],[113.830452000000264,-8.535207],[113.830124,-8.534368]]],[[[113.834595,-8.533864],[113.835892,-8.534086],[113.834526,-8.534019],[113.834595,-8.533864]]],[[[113.807739,-8.529428],[113.807854000000134,-8.529181],[113.808327,-8.529208],[113.807739,-8.529428]]],[[[113.808395000000132,-8.52746],[113.80806,-8.52816],[113.80748,-8.528096],[113.808395000000132,-8.52746]]],[[[113.807198,-8.526032],[113.806778000000122,-8.525932],[113.806885,-8.52578],[113.807198,-8.526032]]],[[[113.806984,-8.523298],[113.807037,-8.523044],[113.807182000000125,-8.523197],[113.806984,-8.523298]]]]}},
{"type":"Feature","properties":{"id_feature":202502,"id_wilayah":2,"tahun":2025,"nama_wilayah":"Banyuwangi","jenis_wilayah":"kabupaten","bakorwil":"Bakorwil V Jember","kode_bps":"3510","jumlah_project":1,"jumlah_mentor":0,"jumlah_talenta":1,"jumlah_client":3},"geometry":{"type":"MultiPolygon","coordinates":[[[[114.36061096100002,-8.657449720999921],[114.320068359000174,-8.624690055999963],[114.247077941000157,-8.600239752999926],[114.22791290300006,-8.604619979999939],[114.225372314000083,-8.612270353999975],[114.229919434000067,-8.620639800999925],[114.220581054000263,-8.64542007499989],[114.184211730000015,-8.64050960499992],[114.14286,-8.62279],[114.094757081000012,-8.615619658999947],[114.085243,-8.62092],[114.084457000000157,-8.6296],[114.078278,-8.62506],[114.059837,-8.62674],[114.057999,-8.6381],[114.050423,-8.6375],[114.05246,-8.64483],[114.048889000000145,-8.64672],[114.047829,-8.6376],[114.03138,-8.63043],[114.028214,-8.59827],[114.015152,-8.59035],[113.996132,-8.59396],[113.996063000000163,-8.61056],[113.989883,-8.59919],[113.98827400000016,-8.60634],[113.972229004000042,-8.607469558999924],[113.96362304600018,-8.616959570999882],[113.956497192000143,-8.613989829999923],[113.956817627000078,-8.60902976999995],[113.947097779000046,-8.599889753999889],[113.952453613000102,-8.595159529999933],[113.958251954000048,-8.599329947999934],[113.966003418000128,-8.596540451999886],[113.968673705000015,-8.58409023299987],[113.959062649523162,-8.567350159859416],[113.945969,-8.55916],[113.935959,-8.55989],[113.935150000000249,-8.56739],[113.925179000000185,-8.56105],[113.924278,-8.57314],[113.908913,-8.58024],[113.893730000000119,-8.56488],[113.875664000000143,-8.55747],[113.857567,-8.5602],[113.852966,-8.55015],[113.83696,-8.55469],[113.855019,-8.519502],[113.843056,-8.503391],[113.842133000000103,-8.494321],[113.854637000000139,-8.429845],[113.890343,-8.409854],[113.90033,-8.423871],[113.899231,-8.434336],[113.910240000000158,-8.441873],[113.932068,-8.425376],[113.937431336000031,-8.409064291999925],[113.947258,-8.40167],[113.923676,-8.384262],[113.927750000000287,-8.376713],[113.921646119000229,-8.369895933999885],[113.921227,-8.357324],[113.915825,-8.348118],[113.909012,-8.34686],[113.927162170000315,-8.327595709999912],[113.928337097000281,-8.319819449999898],[113.920310974000131,-8.308166503999928],[113.934295654000266,-8.281473159999962],[113.93733215400016,-8.266300201999968],[113.934341431000234,-8.255193708999911],[113.944236755000247,-8.244484899999918],[113.959373474000245,-8.243258474999948],[113.966644287000122,-8.232213019999904],[113.968070984000065,-8.220554350999919],[113.957832337000013,-8.205780028999868],[113.970726014000093,-8.189533232999963],[113.990882873000146,-8.182614325999907],[114.022552490000066,-8.141417502999957],[114.038505555000143,-8.139213561999838],[114.060424805000025,-8.122423172999959],[114.078575135000051,-8.126810072999945],[114.091743470000097,-8.116150855999933],[114.11658477800006,-8.114376067999842],[114.14649963300019,-8.100989340999945],[114.17274475000022,-8.107336042999975],[114.176460267000039,-8.120318411999904],[114.184379578000062,-8.120910643999878],[114.195693970000093,-8.103339195999979],[114.214088440000069,-8.099485397999956],[114.219749450000222,-8.073735235999948],[114.231140137000011,-8.070425033999982],[114.246719359000167,-8.054665564999937],[114.248764038000104,-8.045647619999954],[114.235816956,-8.031208037999932],[114.240707397000278,-8.013435362999928],[114.22438812300004,-7.989762783999879],[114.22508239800004,-7.982951639999953],[114.249694824000017,-7.939357756999868],[114.271324157000095,-7.919590949999929],[114.283134461000145,-7.897235870999907],[114.30355835000023,-7.88467979499984],[114.332839965000176,-7.906915186999981],[114.340545653000163,-7.905920504999926],[114.344375610000043,-7.91142129799988],[114.396530152000082,-7.926803110999913],[114.41284179600018,-7.940119264999908],[114.423797607000097,-7.935500143999832],[114.422737122000058,-7.961090087999935],[114.430267335000053,-7.996679782999934],[114.425727845000097,-8.019539831999907],[114.434624,-8.03202],[114.429008000000181,-8.045129999999858],[114.429939270000318,-8.065850256999965],[114.417457580000018,-8.080750464999937],[114.407180786000026,-8.110759733999942],[114.398353577000194,-8.121569632999979],[114.401756287000012,-8.15019035399996],[114.382377624000014,-8.200010298999871],[114.390457152000067,-8.235019683999951],[114.366073609000068,-8.280220031999932],[114.364730834000056,-8.310477256999889],[114.357757568000125,-8.327159881999933],[114.360816956000122,-8.335880279999969],[114.352783204000048,-8.354660034999938],[114.340042115000074,-8.423250198999938],[114.342033386000026,-8.43898010199996],[114.356002808000198,-8.458889961999944],[114.354217529000039,-8.467280387999949],[114.363517762000129,-8.484129904999918],[114.350708007000094,-8.52791976899988],[114.364501953000058,-8.537340162999953],[114.375679017000152,-8.532879828999853],[114.385192871000186,-8.506719587999896],[114.388099671000191,-8.4816198339999],[114.382659912000122,-8.448880194999958],[114.388999939000087,-8.447770117999937],[114.399513244000104,-8.461170195999955],[114.397491454000033,-8.49507045699994],[114.409362793000014,-8.509799956999871],[114.401466370000094,-8.54086971299995],[114.408142091000059,-8.556159971999932],[114.407890319000217,-8.569129942999894],[114.439788819000228,-8.631469725999921],[114.448226929000043,-8.638970374999928],[114.457931519000113,-8.638549804999968],[114.472656249000011,-8.617710113999976],[114.480941772000051,-8.617950439999902],[114.491577148000033,-8.632329940999966],[114.505493165000075,-8.635860441999966],[114.51464080900007,-8.650230407999913],[114.542999268000131,-8.659090042999935],[114.561737061000031,-8.655819891999897],[114.569252015000075,-8.659950255999888],[114.604553222000163,-8.714779852999868],[114.595497130000126,-8.751299858999971],[114.575790404000031,-8.769869803999882],[114.533561706000114,-8.780360220999967],[114.505126953000172,-8.77550029799994],[114.478027343,-8.760479926999949],[114.445518494000112,-8.752779960999931],[114.369682311000247,-8.750679969999908],[114.345176698000046,-8.742879866999886],[114.342903136000132,-8.734880446999966],[114.367172241000048,-8.722620009999957],[114.376670838000223,-8.704589842999894],[114.373153686000137,-8.677960394999957],[114.36061096100002,-8.657449720999921]]],[[[114.026352000000202,-8.646071],[114.029251,-8.649641],[114.024796,-8.651997],[114.026352000000202,-8.646071]]],[[[114.050087001000065,-8.64765],[114.049506999000187,-8.647739999999828],[114.04938499900004,-8.647631],[114.050087001000065,-8.64765]]],[[[114.05056,-8.647084],[114.050735,-8.647561],[114.049889000000235,-8.647407],[114.05056,-8.647084]]],[[[114.025719,-8.647225],[114.025200000000268,-8.646673],[114.025772,-8.646467],[114.025719,-8.647225]]],[[[114.02697,-8.645308],[114.024391000000151,-8.645255],[114.026901,-8.643392],[114.02697,-8.645308]]],[[[114.052879000000189,-8.638014],[114.052841,-8.638476],[114.052582000000143,-8.637967],[114.052879000000189,-8.638014]]],[[[114.033096000000114,-8.634853],[114.032845,-8.635],[114.032837,-8.634807],[114.033096000000114,-8.634853]]],[[[114.033363,-8.634194],[114.032944000000157,-8.634683],[114.033279000000107,-8.634169],[114.033363,-8.634194]]],[[[114.057114,-8.639482],[114.056839,-8.639467],[114.056969,-8.639242],[114.057114,-8.639482]]],[[[114.083778,-8.63192],[114.082565,-8.635422],[114.082634,-8.630767],[114.083778,-8.63192]]],[[[114.063629000000219,-8.628086],[114.063354,-8.628484],[114.063225,-8.627732],[114.063629000000219,-8.628086]]],[[[114.112021999000149,-8.619218999999873],[114.112007,-8.619978],[114.111808999000118,-8.61924],[114.112021999000149,-8.619218999999873]]],[[[113.992714,-8.615233],[113.994995000000131,-8.618568],[113.991539,-8.616364],[113.992714,-8.615233]]],[[[113.995094000000108,-8.612329],[113.990417,-8.614267],[113.994949,-8.611859],[113.995094000000108,-8.612329]]],[[[114.024803000000134,-8.606544],[114.02528400000017,-8.606853],[114.024857,-8.607278],[114.024803000000134,-8.606544]]],[[[114.027336000000105,-8.605411],[114.024033,-8.60606],[114.026665,-8.604125],[114.027336000000105,-8.605411]]],[[[114.203330994000112,-8.656510351999941],[114.204513549000012,-8.656039237999948],[114.203659057000209,-8.657291410999903],[114.203330994000112,-8.656510351999941]]],[[[113.914794999000151,-8.582213],[113.913223,-8.585397000999819],[113.911888,-8.583670998999935],[113.914794999000151,-8.582213]]],[[[113.894348,-8.582201],[113.8937,-8.58327],[113.893333,-8.583261],[113.894348,-8.582201]]],[[[113.894646,-8.580025],[113.896202,-8.579791],[113.894829,-8.58029],[113.894646,-8.580025]]],[[[113.922974000000181,-8.574429],[113.923538000000121,-8.574924],[113.922890000000166,-8.574684],[113.922974000000181,-8.574429]]],[[[113.866783000000169,-8.562198],[113.867035000000101,-8.562671],[113.866882,-8.562654],[113.866783000000169,-8.562198]]],[[[113.858467000000132,-8.560861],[113.859192,-8.560351],[113.858475,-8.561177],[113.858467000000132,-8.560861]]],[[[113.856522000000268,-8.560093],[113.857086,-8.560268],[113.856834000000163,-8.560426],[113.856522000000268,-8.560093]]],[[[114.431412001000012,-8.044150000999934],[114.430046,-8.045043998999915],[114.429413000000295,-8.044633000999966],[114.431412001000012,-8.044150000999934]]]]}},
{"type":"Feature","properties":{"id_feature":202503,"id_wilayah":3,"tahun":2025,"nama_wilayah":"Bondowoso","jenis_wilayah":"kabupaten","bakorwil":"Bakorwil V Jember","kode_bps":"3511","jumlah_project":1,"jumlah_mentor":0,"jumlah_talenta":7,"jumlah_client":16},"geometry":{"type":"MultiPolygon","coordinates":[[[[113.868125916000054,-8.035858153999925],[113.855018617000155,-8.022206306999919],[113.851303100000109,-8.027078627999913],[113.845359802000075,-8.024040221999883],[113.85395050000011,-8.033453940999948],[113.854301453000176,-8.045752524999955],[113.812591554000051,-8.046125411999981],[113.802207947000056,-8.057662962999871],[113.79051208400017,-8.049409865999962],[113.781806946000074,-8.050318718999904],[113.770462037000129,-8.038731575999975],[113.758064271000308,-8.057752609999909],[113.750488281000344,-8.052042006999955],[113.751892089000194,-8.06082534899997],[113.747558594000111,-8.06498432099994],[113.746116639000093,-8.05133533399993],[113.726188660000048,-8.023572920999925],[113.72048187300004,-8.023271560999945],[113.70914459200003,-8.011621475999959],[113.687240600000109,-8.011513709999917],[113.671989440000175,-7.986698627999942],[113.671264649000136,-7.968392847999894],[113.648521423000034,-7.973927973999935],[113.63567352300015,-7.96557569499987],[113.629516602000081,-7.972459792999871],[113.62326049700016,-7.962204454999835],[113.637123109000186,-7.949588775999871],[113.660438537,-7.938457964999941],[113.662918090000062,-7.921591758999966],[113.673316955000132,-7.918925284999943],[113.688896180000143,-7.903313159999868],[113.699745178000171,-7.899613379999892],[113.708084107000104,-7.884839056999965],[113.722038268,-7.879758356999957],[113.734756469000217,-7.835866927999859],[113.731361390000075,-7.819929122999838],[113.739379883000311,-7.804452417999926],[113.739715576000094,-7.788903711999978],[113.747360230000254,-7.79625082099983],[113.766227721000064,-7.798428057999956],[113.76831054600018,-7.79493665699988],[113.793434143000127,-7.802810190999878],[113.80411511900013,-7.816607973999908],[113.821426392000262,-7.8109722129999],[113.836883666000062,-7.812303809999946],[113.853248596000185,-7.79436302199997],[113.872322083000086,-7.797525405999863],[113.877288818000125,-7.791079520999972],[113.882919312000013,-7.797086714999978],[113.903556824000134,-7.803180217999852],[113.90550232000021,-7.795645712999942],[113.918228149000015,-7.788805961999969],[113.933097840000073,-7.793400764999888],[113.937721252000188,-7.786943911999913],[113.935707093000246,-7.776435374999949],[113.950843812000244,-7.765230654999868],[113.963134766000053,-7.773503302999927],[113.980583191000051,-7.771468161999906],[113.991470336000134,-7.778251169999919],[113.999908446000063,-7.772096633999979],[114.006462098000156,-7.756793021999954],[114.011940003000177,-7.762610434999942],[114.062042236000025,-7.758764266999947],[114.071258545000092,-7.761195658999952],[114.079345704000161,-7.770706176999965],[114.074890137000011,-7.783111094999924],[114.089355468000235,-7.80600500099996],[114.089164734000065,-7.82426595599992],[114.095596313000101,-7.840616224999962],[114.092529297000056,-7.875441551999927],[114.111137391000057,-7.909597872999939],[114.113510132000215,-7.942084311999963],[114.127876283000091,-7.975959299999886],[114.127639771000077,-7.99302005699991],[114.141151428000057,-7.981392858999868],[114.166236878000291,-7.970445155999926],[114.211692810000045,-7.977763175999939],[114.224342346000071,-7.986661910999828],[114.238258362000238,-8.006146430999934],[114.240707397000278,-8.013435362999928],[114.235816956,-8.031208037999932],[114.248764038000104,-8.045647619999954],[114.246719359000167,-8.054665564999937],[114.231140137000011,-8.070425033999982],[114.219749450000222,-8.073735235999948],[114.214088440000069,-8.099485397999956],[114.195693970000093,-8.103339195999979],[114.184379578000062,-8.120910643999878],[114.176460267000039,-8.120318411999904],[114.17274475000022,-8.107336042999975],[114.14649963300019,-8.100989340999945],[114.11658477800006,-8.114376067999842],[114.091743470000097,-8.116150855999933],[114.078575135000051,-8.126810072999945],[114.060424805000025,-8.122423172999959],[114.051322938000226,-8.132596016999969],[114.043296814000314,-8.133618354999896],[114.034614563000218,-8.128876684999966],[114.038589477000301,-8.120491026999957],[114.029563903000167,-8.115055084999881],[114.028236389000085,-8.095111845999838],[114.004806518000123,-8.07123374899993],[113.987144471000079,-8.066942214999926],[113.970199584000056,-8.054953573999967],[113.958648683000092,-8.055067061999978],[113.918609619000108,-8.024968145999935],[113.890213013000334,-8.014441489999967],[113.884376525000107,-8.019872664999923],[113.884910583000192,-8.030037878999906],[113.87248992800005,-8.029894828999886],[113.868125916000054,-8.035858153999925]]]]}},
{"type":"Feature","properties":{"id_feature":202504,"id_wilayah":4,"tahun":2025,"nama_wilayah":"Situbondo","jenis_wilayah":"kabupaten","bakorwil":"Bakorwil V Jember","kode_bps":"3512","jumlah_project":0,"jumlah_mentor":0,"jumlah_talenta":0,"jumlah_client":0},"geometry":{"type":"MultiPolygon","coordinates":[[[[114.166801452000072,-7.97041034699987],[114.141151428000057,-7.981392858999868],[114.127639771000077,-7.99302005699991],[114.127876283000091,-7.975959299999886],[114.113510132000215,-7.942084311999963],[114.111137391000057,-7.909597872999939],[114.092529297000056,-7.875441551999927],[114.095596313000101,-7.840616224999962],[114.089164734000065,-7.82426595599992],[114.08843994200015,-7.802736281999955],[114.074890137000011,-7.783111094999924],[114.079345704000161,-7.770706176999965],[114.0663757330002,-7.759330748999957],[114.011940003000177,-7.762610434999942],[114.006637574000251,-7.756760119999967],[113.999908446000063,-7.772096633999979],[113.991470336000134,-7.778251169999919],[113.980583191000051,-7.771468161999906],[113.963134766000053,-7.773503302999927],[113.950843812000244,-7.765230654999868],[113.935707093000246,-7.776435374999949],[113.934814453000286,-7.792744636999885],[113.918228149000015,-7.788805961999969],[113.90550232000021,-7.795645712999942],[113.903556824000134,-7.803180217999852],[113.882919312000013,-7.797086714999978],[113.877288818000125,-7.791079520999972],[113.872322083000086,-7.797525405999863],[113.853248596000185,-7.79436302199997],[113.834297000000106,-7.813126],[113.821426392000262,-7.8109722129999],[113.801582,-7.816535],[113.799934001000224,-7.80778100099991],[113.793434143000127,-7.802810190999878],[113.76831054600018,-7.79493665699988],[113.766227721000064,-7.798428057999956],[113.747360230000254,-7.79625082099983],[113.739715576000094,-7.788903711999978],[113.739379883000311,-7.804452417999926],[113.731361390000075,-7.819929122999838],[113.734756469000217,-7.835866927999859],[113.722038268,-7.879758356999957],[113.708084107000104,-7.884839056999965],[113.699745178000171,-7.899613379999892],[113.688896180000143,-7.903313159999868],[113.673316955000132,-7.918925284999943],[113.662918090000062,-7.921591758999966],[113.660438537,-7.938457964999941],[113.623802185000045,-7.961433886999941],[113.616622926000105,-7.958734989999925],[113.622550964000197,-7.95276927999987],[113.614700318000018,-7.953140734999977],[113.61110687200005,-7.948382376999973],[113.626274108000189,-7.916453838999928],[113.623329163000335,-7.89511966699996],[113.615097047000063,-7.887107848999904],[113.617279052000072,-7.873166559999959],[113.602348327000072,-7.845155714999976],[113.611648560000162,-7.82519960299993],[113.592155457000104,-7.805414199999973],[113.606079102000081,-7.798935888999949],[113.600708008000311,-7.775310039999908],[113.576393128000063,-7.756195543999979],[113.572845459000064,-7.739912032999939],[113.57930755700022,-7.725923060999946],[113.589653015000181,-7.725354670999934],[113.590705871000068,-7.716603278999969],[113.597862244000225,-7.715280056999973],[113.610137939000083,-7.722903251999924],[113.647476196000184,-7.723529815999939],[113.666061402000082,-7.736981868999976],[113.713058472000057,-7.707839965999881],[113.723541261000037,-7.721210001999907],[113.763313294000227,-7.737830160999977],[113.796463013000107,-7.727019786999847],[113.817138672000056,-7.699409960999958],[113.831047058000081,-7.688409804999935],[113.862167359000068,-7.684510229999944],[113.868171691000043,-7.679950235999968],[113.90470886300011,-7.699530123999978],[113.912910462000127,-7.696599958999968],[113.930496216000165,-7.700749873999882],[113.939376832000221,-7.677279948999967],[113.95430755700022,-7.679090022999901],[113.972282409000172,-7.65150022499995],[114.004493714000319,-7.634799957999974],[114.032325745000207,-7.606146812999839],[114.030532836000134,-7.610130309999931],[114.04431152400025,-7.613160133999941],[114.041069030000017,-7.60692977899987],[114.034866332000206,-7.606789112999934],[114.036865235000278,-7.604368209999848],[114.045837403000291,-7.608644961999858],[114.060401916000046,-7.623702525999875],[114.106727599000124,-7.706520080999951],[114.123641967000026,-7.707139967999979],[114.134880066000051,-7.713739871999906],[114.165748597000174,-7.715179919999969],[114.187866211000141,-7.712600230999954],[114.194862366000052,-7.707590103999905],[114.207809448000148,-7.718050001999927],[114.240463256000112,-7.698090075999914],[114.293769836000024,-7.747839927999962],[114.309806823000031,-7.746300219999966],[114.31851959100004,-7.755929946999913],[114.328720092000026,-7.758279798999922],[114.350326539000093,-7.753530023999929],[114.371063233000086,-7.757040023999934],[114.358871460000046,-7.748939990999872],[114.374069214000087,-7.748859882999966],[114.391746520000197,-7.769830225999954],[114.404388427000185,-7.77011013099991],[114.431747437000126,-7.792640208999956],[114.438858033000088,-7.788710117999926],[114.458503723000035,-7.808869837999964],[114.468086242000027,-7.835070132999931],[114.466537475000223,-7.845940111999937],[114.45890045200008,-7.85054015999998],[114.466018678000069,-7.84801006399988],[114.464736938000215,-7.858709812999905],[114.459648132000098,-7.862420081999971],[114.463836670000092,-7.889319896999893],[114.444053651000104,-7.899079799999981],[114.437019349000025,-7.910240172999977],[114.423538207000092,-7.916860102999976],[114.423797607000097,-7.935500143999832],[114.41284179600018,-7.940119264999908],[114.396530152000082,-7.926803110999913],[114.344375610000043,-7.91142129799988],[114.340545653000163,-7.905920504999926],[114.332839965000176,-7.906915186999981],[114.30355835000023,-7.88467979499984],[114.283134461000145,-7.897235870999907],[114.271324157000095,-7.919590949999929],[114.250892640000075,-7.937760829999831],[114.224342346000071,-7.986661910999828],[114.192840577000197,-7.972002981999935],[114.166801452000072,-7.97041034699987]]]]}},
{"type":"Feature","properties":{"id_feature":202505,"id_wilayah":5,"tahun":2025,"nama_wilayah":"Lumajang","jenis_wilayah":"kabupaten","bakorwil":"Bakorwil V Jember","kode_bps":"3508","jumlah_project":2,"jumlah_mentor":1,"jumlah_talenta":1,"jumlah_client":2},"geometry":{"type":"MultiPolygon","coordinates":[[[[112.96996307400002,-8.333760260999952],[112.959594726000091,-8.353158949999909],[112.938156128000173,-8.337135313999966],[112.934051514000203,-8.328177451999977],[112.942420960000049,-8.317475317999936],[112.941322327000194,-8.310885428999939],[112.918540954000036,-8.307156561999932],[112.916175843000019,-8.291307448999873],[112.905914307000103,-8.288053511999976],[112.899406433000081,-8.267230987999881],[112.907844543000124,-8.275164604999873],[112.920700073000262,-8.250000000999876],[112.903137207000213,-8.15774726799998],[112.925498963000109,-8.110750197999948],[112.922019959000068,-8.107417106999947],[112.923156738000216,-8.086958885999934],[112.905822753000166,-8.081560134999961],[112.899978637000117,-8.061138152999945],[112.908927918000131,-8.050852775999942],[112.908981324000138,-8.041626928999904],[112.934730530000024,-8.018756864999887],[112.927040100000227,-7.997110365999959],[112.936286926000207,-8.000285148999922],[112.942199708000089,-7.983355998999855],[112.953041076000204,-7.986645220999947],[112.974891662000118,-7.980465410999955],[112.994049072000166,-7.960579870999879],[113.023651122000047,-7.970233440999948],[113.036148070000195,-7.980669019999937],[113.05670928900031,-8.010454177999918],[113.064338684000177,-7.998294830999896],[113.063125610000156,-7.987429141999883],[113.069725036000023,-7.981830596999941],[113.104080201000102,-7.980883119999874],[113.114723205000018,-7.991734503999965],[113.120689392000031,-7.990368841999953],[113.136032105000027,-7.976556777999917],[113.149429321000071,-7.979876040999955],[113.154335021000065,-7.971192358999929],[113.191123962,-7.944756029999951],[113.197967530000142,-7.931526659999975],[113.206077575000108,-7.926931856999943],[113.211959839000087,-7.911035536999975],[113.208320618000016,-7.897897243999921],[113.248268127000074,-7.908027170999901],[113.256584167000028,-7.906913278999923],[113.262542724000014,-7.896042823999949],[113.274574280000024,-7.929528713999957],[113.325180054000043,-7.928749084999822],[113.344596864000096,-7.955381392999925],[113.346527099000014,-7.975500105999913],[113.35709381200013,-7.984245299999884],[113.361511231000122,-7.996151447999921],[113.367095948000042,-8.021453856999926],[113.354980468,-8.035292624999897],[113.348663330000136,-8.054896353999936],[113.357070923000038,-8.078250884999818],[113.366653442000029,-8.085650443999839],[113.361953735000156,-8.100623130999963],[113.36840057400002,-8.110672949999866],[113.362358094000115,-8.118205069999931],[113.375877062000086,-8.130837154999881],[113.372391000000107,-8.146483],[113.379021000000193,-8.148527],[113.379585266000163,-8.157225608999966],[113.374855,-8.165077000999872],[113.365982056000121,-8.16832351599993],[113.367851258000201,-8.185212134999915],[113.360626220000313,-8.189457893999929],[113.353141784000286,-8.203742027999908],[113.333389281000109,-8.208283423999887],[113.326843262000011,-8.221261976999926],[113.313011169000106,-8.228894233999938],[113.319702148000033,-8.265568732999952],[113.303413391000049,-8.307476996999981],[113.261413574000017,-8.289050102999909],[113.219688416000167,-8.281530380999868],[113.161453247000054,-8.282030104999933],[113.122398377000195,-8.29125976499995],[113.079536438000332,-8.285710333999873],[113.070251466000059,-8.28954029099998],[113.065490723000039,-8.297450064999907],[113.050323487000242,-8.297809600999926],[113.011070252000081,-8.310919760999923],[112.96996307400002,-8.333760260999952]]],[[[113.295174015000271,-7.926634121499944],[113.295270258000187,-7.92713935699993],[113.295029810000187,-7.927755394999849],[113.295174015000271,-7.926634121499944]]]]}},
{"type":"Feature","properties":{"id_feature":202506,"id_wilayah":6,"tahun":2025,"nama_wilayah":"Probolinggo","jenis_wilayah":"kabupaten","bakorwil":"Bakorwil V Jember","kode_bps":"3513","jumlah_project":2,"jumlah_mentor":0,"jumlah_talenta":7,"jumlah_client":2},"geometry":{"type":"MultiPolygon","coordinates":[[[[113.478874206000228,-8.018293380999921],[113.444114685000045,-8.024208067999894],[113.441497802000299,-8.016619681999885],[113.433631896000179,-8.02130699199995],[113.425369264000096,-8.011185644999955],[113.408714294000106,-8.013230323999949],[113.391288757000098,-7.997274875999892],[113.387168884000175,-8.013656615999878],[113.363044738000099,-8.027681350999956],[113.367103576000204,-8.02125453899987],[113.360656739000092,-7.992784499999971],[113.346687317000146,-7.975803851999899],[113.344955443000231,-7.956066131999876],[113.328186035000044,-7.93196296799988],[113.308288575,-7.926497458999961],[113.293563843000129,-7.928067682999938],[113.281387,-7.928402],[113.274574280000024,-7.929528713999957],[113.262542724000014,-7.896042823999949],[113.256584167000028,-7.906913278999923],[113.248268127000074,-7.908027170999901],[113.20751953100023,-7.898044108999898],[113.211959839000087,-7.911035536999975],[113.206077575000108,-7.926931856999943],[113.149429321000071,-7.979876040999955],[113.136032105000027,-7.976556777999917],[113.114723205000018,-7.991734503999965],[113.104080201000102,-7.980883119999874],[113.069725036000023,-7.981830596999941],[113.063125610000156,-7.987429141999883],[113.064338684000177,-7.998294830999896],[113.05784606900022,-8.010484694999889],[113.036148070000195,-7.980669019999937],[113.009155273000147,-7.963677883999878],[112.994049072000166,-7.960579870999879],[112.974891662000118,-7.980465410999955],[112.953041076000204,-7.986645220999947],[112.935539246000189,-7.979806899999915],[112.927795410000158,-7.964865206999889],[112.937622071000078,-7.950390338999966],[112.952888000000144,-7.943349999999896],[112.95290374700005,-7.91505336799986],[112.948799132000204,-7.906309127999975],[112.955863953000062,-7.898335456999973],[112.966003418000128,-7.895952700999885],[113.027412414000082,-7.833842754999978],[113.047233582000104,-7.819969654999966],[113.053703308000195,-7.785280703999945],[113.050170898000147,-7.775979040999971],[113.056945800000108,-7.76206159599991],[113.054710388000217,-7.748151779999944],[113.06921386700003,-7.735410689999981],[113.088119508000091,-7.707420825999918],[113.096366882000098,-7.706319808999979],[113.113922120000097,-7.72630977599988],[113.124877930000025,-7.722229956999911],[113.140083313000105,-7.725969789999908],[113.150947570000085,-7.741320131999942],[113.169593811000027,-7.738289832999897],[113.167526244000101,-7.727960108999923],[113.17278289800015,-7.726749896999877],[113.179763795000213,-7.744390010999894],[113.17433929300023,-7.754513262999865],[113.166114808000202,-7.753905296999903],[113.163917542000263,-7.779229640999972],[113.17893981900022,-7.783371924999926],[113.177001953000058,-7.788482666999926],[113.182174683000198,-7.789617059999955],[113.178291321000188,-7.809983729999942],[113.200157166000054,-7.812477588999968],[113.205131531,-7.804404735999981],[113.204429626000092,-7.814084051999828],[113.216110230000027,-7.820199965999961],[113.219787598000039,-7.811574458999928],[113.224540711000259,-7.812073706999911],[113.226203919000227,-7.801500319999946],[113.24001312300004,-7.808750628999974],[113.237075806000121,-7.798512934999962],[113.242362976000095,-7.795340537999891],[113.234016419000227,-7.780542372999946],[113.236572265000063,-7.762714384999924],[113.232154847000174,-7.756003379999981],[113.237197876000096,-7.740306376999968],[113.246879577000072,-7.745450019999964],[113.254981995000094,-7.742630003999921],[113.256820678000054,-7.75407981799998],[113.271316528000057,-7.777110098999913],[113.286811829000271,-7.783559798999931],[113.289749146000077,-7.775869845999978],[113.304962159000297,-7.767960070999948],[113.316856384000062,-7.768229960999975],[113.32431793100011,-7.776159761999963],[113.345596313000101,-7.771049974999869],[113.372062683000081,-7.750979899999891],[113.381973268000024,-7.736219882999876],[113.388687135000168,-7.744200228999944],[113.393402101000333,-7.738130092999938],[113.402198791000046,-7.740530014999933],[113.411529540000174,-7.734469890999947],[113.438827514000195,-7.73424005499993],[113.486793517000024,-7.697939871999949],[113.500930787000016,-7.698390007999933],[113.54656219500032,-7.71354007799988],[113.56263732900004,-7.714240072999928],[113.579292297000052,-7.7080998429999],[113.597633361000021,-7.715169906999904],[113.590644836000251,-7.716666221999901],[113.588279725000234,-7.726529598999946],[113.578674317000036,-7.726545809999948],[113.572555541000042,-7.742067813999938],[113.576393128000063,-7.756195543999979],[113.600708008000311,-7.775310039999908],[113.606079102000081,-7.798935888999949],[113.592155457000104,-7.805414199999973],[113.611648560000162,-7.82519960299993],[113.602348327000072,-7.845155714999976],[113.617279052000072,-7.873166559999959],[113.615097047000063,-7.887107848999904],[113.623329163000335,-7.89511966699996],[113.626289369000119,-7.917029857999978],[113.611122131000229,-7.950057505999951],[113.62232971100002,-7.952441691999923],[113.615661621000072,-7.958145141999978],[113.623802185000045,-7.961433886999941],[113.629516602000081,-7.972459792999871],[113.63567352300015,-7.96557569499987],[113.643562316000157,-7.973119735999944],[113.627685547000056,-7.975905894999926],[113.62698364400012,-7.981812953999963],[113.618820191000168,-7.983492374999969],[113.614723207000111,-7.992711066999959],[113.613784790000182,-7.988571642999943],[113.605621338000105,-7.989082811999936],[113.602600098000039,-7.979587076999962],[113.592475892000039,-7.979192255999976],[113.587341309000067,-7.985786914999892],[113.560806275000118,-7.986625193999885],[113.552536010000154,-7.998210429999915],[113.530197143,-8.008109092999973],[113.5281372070001,-8.016924856999935],[113.494422912000118,-8.005125045999876],[113.480422974000135,-7.992403029999934],[113.476272584000071,-7.996930121999981],[113.482055665000075,-8.008554458999981],[113.478874206000228,-8.018293380999921]],[[113.295212000000106,-7.926980998999966],[113.295029810000187,-7.927755394999849],[113.295174015000271,-7.926634121499944],[113.295212000000106,-7.926980998999966]]],[[[113.26105499200014,-7.678883551999888],[113.256614686000148,-7.681100367999818],[113.242774963000102,-7.680366037999875],[113.257171630000016,-7.676216600999965],[113.26105499200014,-7.678883551999888]]]]}},
{"type":"Feature","properties":{"id_feature":202507,"id_wilayah":7,"tahun":2025,"nama_wilayah":"Kota Probolinggo","jenis_wilayah":"kota","bakorwil":"Bakorwil V Jember","kode_bps":"3574","jumlah_project":1,"jumlah_mentor":0,"jumlah_talenta":0,"jumlah_client":10},"geometry":{"type":"MultiPolygon","coordinates":[[[[113.217002870000215,-7.819854736999901],[113.204101563000222,-7.813576697999963],[113.205131531,-7.804404735999981],[113.200157166000054,-7.812477588999968],[113.178291321000188,-7.809983729999942],[113.182754517000035,-7.791374206999933],[113.177001953000058,-7.788482666999926],[113.17893981900022,-7.783371924999926],[113.163917542000263,-7.779229640999972],[113.167953491000162,-7.761418818999971],[113.164329529000156,-7.759195326999929],[113.166114808000202,-7.753905296999903],[113.17433929300023,-7.754513262999865],[113.180755616000056,-7.746634960999927],[113.210361436000085,-7.739542650999908],[113.215057000000115,-7.736340000999974],[113.216064,-7.727735],[113.216843,-7.727706],[113.217262067000206,-7.727459975999921],[113.21609499900012,-7.733644],[113.216849999000033,-7.736512998999899],[113.217727999500084,-7.724657],[113.2218322760001,-7.732739924999976],[113.228935242000148,-7.724979876999896],[113.221420287000228,-7.734282491999977],[113.237197876000096,-7.740306376999968],[113.232154847000174,-7.756003379999981],[113.236572265000063,-7.762714384999924],[113.234016419000227,-7.780542372999946],[113.242362976000095,-7.795340537999891],[113.237075806000121,-7.798512934999962],[113.24001312300004,-7.808750628999974],[113.226203919000227,-7.801500319999946],[113.224540711000259,-7.812073706999911],[113.219581603000279,-7.811774252999953],[113.217002870000215,-7.819854736999901]]],[[[113.217438000000129,-7.72466],[113.217552,-7.722185],[113.217262000000119,-7.72746],[113.217438000000129,-7.72466]]],[[[113.217727999500084,-7.724657],[113.218117,-7.722473],[113.218216,-7.722491],[113.217727999500084,-7.724657]]]]}},
{"type":"Feature","properties":{"id_feature":202401,"id_wilayah":1,"tahun":2024,"nama_wilayah":"Jember","jenis_wilayah":"kabupaten","bakorwil":"Bakorwil V Jember","kode_bps":"3509","jumlah_project":5,"jumlah_mentor":11,"jumlah_talenta":71,"jumlah_client":65},"geometry":{"type":"MultiPolygon","coordinates":[[[[113.659805000000233,-8.503645],[113.661331,-8.500398],[113.660233000000176,-8.503943],[113.659805000000233,-8.503645]]],[[[113.661667,-8.500058],[113.661682000000155,-8.500471],[113.661453000000165,-8.500328],[113.661667,-8.500058]]],[[[113.664635,-8.500026],[113.665131000000201,-8.500427],[113.664474,-8.500224],[113.664635,-8.500026]]],[[[113.661415,-8.499446],[113.662621000000172,-8.498838],[113.661438,-8.499763],[113.661415,-8.499446]]],[[[113.6160931390001,-8.500276013999951],[113.615833138000198,-8.500265012999932],[113.616151569000294,-8.499912176999942],[113.6160931390001,-8.500276013999951]]],[[[113.616054,-8.499445],[113.616199,-8.499837],[113.615864000000215,-8.499747],[113.616054,-8.499445]]],[[[113.617183,-8.49981],[113.617511,-8.499319],[113.6178010000001,-8.499899],[113.617183,-8.49981]]],[[[113.614739000000213,-8.499695],[113.61428200000023,-8.499222],[113.615182000000118,-8.499375],[113.614739000000213,-8.499695]]],[[[113.616549,-8.498919],[113.616732,-8.499266],[113.616336,-8.499227],[113.616549,-8.498919]]],[[[113.619324,-8.497739],[113.616936000000123,-8.49859],[113.61808,-8.496848],[113.619324,-8.497739]]],[[[113.644516,-8.496119],[113.64505,-8.496634],[113.644539000000123,-8.496561],[113.644516,-8.496119]]],[[[113.6455,-8.4959],[113.645576000000119,-8.496515],[113.645271,-8.496264],[113.6455,-8.4959]]],[[[113.62384800000018,-8.486402],[113.624191,-8.486011],[113.624352000000158,-8.486406],[113.62384800000018,-8.486402]]],[[[113.624435,-8.485578],[113.624489000000153,-8.485408999999891],[113.624611,-8.485468],[113.624435,-8.485578]]],[[[113.623154,-8.4819],[113.623367,-8.48206],[113.623055000000136,-8.482],[113.623154,-8.4819]]],[[[113.623642,-8.472864],[113.624092000000132,-8.472281],[113.624031,-8.47288],[113.623642,-8.472864]]],[[[113.800377,-8.559589],[113.801048000000264,-8.560006],[113.800293,-8.56073],[113.800377,-8.559589]]],[[[113.806931,-8.557199],[113.806755,-8.557549],[113.806717,-8.557302],[113.806931,-8.557199]]],[[[113.805351,-8.553942],[113.806610000000205,-8.553952],[113.805786000000239,-8.555047],[113.805351,-8.553942]]],[[[113.803368,-8.553504],[113.803932000000145,-8.554054],[113.803291,-8.55386],[113.803368,-8.553504]]],[[[113.743263,-8.545756],[113.743607,-8.546174],[113.742851,-8.546586999999874],[113.743263,-8.545756]]],[[[113.746941,-8.544407],[113.74424,-8.544646],[113.747177000000192,-8.542759],[113.746941,-8.544407]]],[[[113.705864,-8.531166],[113.70929,-8.534125],[113.703201000000149,-8.533172999999863],[113.705864,-8.531166]]],[[[113.701889,-8.532114],[113.703300000000127,-8.53214],[113.70163,-8.532443],[113.701889,-8.532114]]],[[[113.804428000000144,-8.552077],[113.804123,-8.552587],[113.80397,-8.552507],[113.804428000000144,-8.552077]]],[[[113.80003400000021,-8.550127],[113.801407000000154,-8.550098],[113.800064,-8.550627],[113.80003400000021,-8.550127]]],[[[113.804192000000171,-8.517712],[113.803932000000145,-8.518116],[113.803795,-8.517676],[113.804192000000171,-8.517712]]],[[[113.788528000000156,-8.514662],[113.791092,-8.513484],[113.788414,-8.515017],[113.788528000000156,-8.514662]]],[[[113.755875,-8.522359],[113.755707,-8.522607],[113.755615,-8.522366],[113.755875,-8.522359]]],[[[113.755310000000236,-8.520736],[113.755348,-8.521236],[113.754791,-8.520911],[113.755310000000236,-8.520736]]],[[[113.714981,-8.504445],[113.714279000000147,-8.503347],[113.715202,-8.503434],[113.714981,-8.504445]]],[[[113.64917000000014,-8.4853],[113.636208,-8.472449999999867],[113.642014000000131,-8.46526],[113.63945,-8.45631],[113.624367,-8.45484],[113.626472,-8.44909],[113.609703,-8.43916],[113.595261,-8.43578],[113.582787,-8.44439],[113.581207,-8.432626],[113.569992,-8.42554],[113.557022,-8.42709],[113.55291,-8.43646],[113.549637,-8.4332],[113.548927000000162,-8.43366],[113.547394,-8.43333],[113.549362,-8.43275],[113.549133,-8.43034],[113.52961,-8.42711],[113.526283000000149,-8.43043],[113.508331,-8.420099999999877],[113.504448,-8.42331],[113.494171,-8.41337],[113.484901,-8.416389999999865],[113.474701,-8.39854],[113.475838,-8.39689],[113.475166,-8.38552],[113.462860003142055,-8.378561975620812],[113.42662811300022,-8.380610465999951],[113.388046265000071,-8.400329589999899],[113.358413696000071,-8.35025978099992],[113.328659057000095,-8.32211971299995],[113.303413391000049,-8.307476996999981],[113.319702148000033,-8.265568732999952],[113.313011169000106,-8.228894233999938],[113.326843262000011,-8.221261976999926],[113.333389281000109,-8.208283423999887],[113.353141784000286,-8.203742027999908],[113.360626220000313,-8.189457893999929],[113.367851258000201,-8.185212134999915],[113.365982056000121,-8.16832351599993],[113.379471,-8.157930000999897],[113.379021000000193,-8.148527],[113.372391000000107,-8.146483],[113.375877062000086,-8.130837154999881],[113.362358094000115,-8.118205069999931],[113.36840057400002,-8.110672949999866],[113.361953735000156,-8.100623130999963],[113.366653442000029,-8.085650443999839],[113.357070923000038,-8.078250884999818],[113.348670960000049,-8.05470943499995],[113.354980468,-8.035292624999897],[113.387168884000175,-8.013656615999878],[113.391288757000098,-7.997274875999892],[113.408714294000106,-8.013230323999949],[113.425369264000096,-8.011185644999955],[113.433631896000179,-8.02130699199995],[113.441497802000299,-8.016619681999885],[113.444435120000207,-8.024371147999886],[113.458259583000086,-8.024671554999884],[113.47939300500002,-8.01764011299997],[113.482009888000107,-8.008248329999958],[113.476272584000071,-7.996930121999981],[113.480422974000135,-7.992403029999934],[113.494422912000118,-8.005125045999876],[113.5281372070001,-8.016924856999935],[113.530197143,-8.008109092999973],[113.552536010000154,-7.998210429999915],[113.560806275000118,-7.986625193999885],[113.587341309000067,-7.985786914999892],[113.592475892000039,-7.979192255999976],[113.602600098000039,-7.979587076999962],[113.605621338000105,-7.989082811999936],[113.613784790000182,-7.988571642999943],[113.614723207000111,-7.992711066999959],[113.618820191000168,-7.983492374999969],[113.62698364400012,-7.981812953999963],[113.627685547000056,-7.975905894999926],[113.671134948000145,-7.968296527999939],[113.671989440000175,-7.986698627999942],[113.687240600000109,-8.011513709999917],[113.70914459200003,-8.011621475999959],[113.72048187300004,-8.023271560999945],[113.726188660000048,-8.023572920999925],[113.746116639000093,-8.05133533399993],[113.747558594000111,-8.06498432099994],[113.751892089000194,-8.06082534899997],[113.750885010000047,-8.051604271999963],[113.758064271000308,-8.057752609999909],[113.771766663000221,-8.038377761999925],[113.781806946000074,-8.050318718999904],[113.79051208400017,-8.049409865999962],[113.802207947000056,-8.057662962999871],[113.812591554000051,-8.046125411999981],[113.854301453000176,-8.045752524999955],[113.85395050000011,-8.033453940999948],[113.845359802000075,-8.024040221999883],[113.851303100000109,-8.027078627999913],[113.855018617000155,-8.022206306999919],[113.86842346200001,-8.035837172999948],[113.87248992800005,-8.029894828999886],[113.884910583000192,-8.030037878999906],[113.884376525000107,-8.019872664999923],[113.890022277000185,-8.014410018999968],[113.918609619000108,-8.024968145999935],[113.958648683000092,-8.055067061999978],[113.970199584000056,-8.054953573999967],[113.987144471000079,-8.066942214999926],[114.004806518000123,-8.07123374899993],[114.028236389000085,-8.095111845999838],[114.029563903000167,-8.115055084999881],[114.038589477000301,-8.120491026999957],[114.034614563000218,-8.128876684999966],[114.043113708000078,-8.134447097999896],[114.037292481000122,-8.139760017999947],[114.022552490000066,-8.141417502999957],[113.990882873000146,-8.182614325999907],[113.970726014000093,-8.189533232999963],[113.957832337000013,-8.205780028999868],[113.968070984000065,-8.220554350999919],[113.966644287000122,-8.232213019999904],[113.959373474000245,-8.243258474999948],[113.944236755000247,-8.244484899999918],[113.934341431000234,-8.255193708999911],[113.93733215400016,-8.266300201999968],[113.934295654000266,-8.281473159999962],[113.920310974000131,-8.308166503999928],[113.928337097000281,-8.319819449999898],[113.927162170000315,-8.327595709999912],[113.909012,-8.34686],[113.915825,-8.348118],[113.921227,-8.357324],[113.921646119000229,-8.369895933999885],[113.927750000000287,-8.376713],[113.923676,-8.384262],[113.947258,-8.40167],[113.937431336000031,-8.409064291999925],[113.932068,-8.425376],[113.910240000000158,-8.441873],[113.899231,-8.434336],[113.90033,-8.423871],[113.890343,-8.409854],[113.854637000000139,-8.429845],[113.842133000000103,-8.494321],[113.843056,-8.503391],[113.855019,-8.519502],[113.837151,-8.554029],[113.833641,-8.54167],[113.838257,-8.53632],[113.836998000000108,-8.53026],[113.828773,-8.5277],[113.825180000000159,-8.54309],[113.821716,-8.54199],[113.815552,-8.54647],[113.814522000000125,-8.55894],[113.806831,-8.55599],[113.806976,-8.54756],[113.816109,-8.53667],[113.807663000000161,-8.532219999999882],[113.809029,-8.52916],[113.80761,-8.52065],[113.803757,-8.52065],[113.810493,-8.5156],[113.805603,-8.50782],[113.812523,-8.50314],[113.796066,-8.48983],[113.78907,-8.48989],[113.787354,-8.49913],[113.78015100000016,-8.49602],[113.771072,-8.50401],[113.758293,-8.503],[113.754707,-8.51037],[113.761658,-8.51434],[113.753777,-8.51985],[113.73439000000019,-8.52606],[113.731369,-8.51542],[113.725197,-8.52096],[113.722321,-8.51746],[113.712227,-8.5286],[113.712570000000142,-8.51546],[113.7192,-8.5122],[113.716408000000229,-8.50946],[113.721817,-8.49684],[113.71714,-8.48527],[113.702927,-8.48276],[113.703217,-8.49061],[113.689133,-8.50563],[113.683594,-8.49138],[113.672836,-8.4926],[113.669083,-8.498229999999865],[113.64614900000015,-8.49501],[113.643997,-8.49009],[113.64917000000014,-8.4853]]],[[[113.554787,-8.436541],[113.555084,-8.436792],[113.554497,-8.436769],[113.554787,-8.436541]]],[[[113.556229,-8.435976],[113.555862,-8.436089],[113.55603,-8.435925],[113.556229,-8.435976]]],[[[113.557663000000161,-8.436023],[113.558311,-8.434978],[113.558907,-8.435575],[113.557663000000161,-8.436023]]],[[[113.555801,-8.435105],[113.556900000000269,-8.434406],[113.556969,-8.434930999999892],[113.555801,-8.435105]]],[[[113.535805,-8.432349998999939],[113.53521000000012,-8.432660000999931],[113.535172000000216,-8.432227998999963],[113.535805,-8.432349998999939]]],[[[113.53727,-8.432589],[113.535728000000177,-8.433035],[113.536133,-8.430764],[113.53727,-8.432589]]],[[[113.539238,-8.432421],[113.539787000000274,-8.431742],[113.540024,-8.432528],[113.539238,-8.432421]]],[[[113.540649,-8.430542],[113.540291,-8.430381],[113.540367000000174,-8.430275],[113.540649,-8.430542]]],[[[113.534821,-8.430643],[113.535286,-8.430296],[113.536079,-8.430404],[113.534821,-8.430643]]],[[[113.540115,-8.429925],[113.540115,-8.42966],[113.540344,-8.429901],[113.540115,-8.429925]]],[[[113.544067,-8.429655],[113.544334,-8.429772],[113.543991000000119,-8.429758],[113.544067,-8.429655]]],[[[113.529594,-8.428414],[113.530235,-8.429473],[113.529762,-8.429703],[113.529594,-8.428414]]],[[[113.623398,-8.471303],[113.623779,-8.471589],[113.623337,-8.471768],[113.623398,-8.471303]]],[[[113.624084,-8.469654],[113.623909000000253,-8.469495999999879],[113.624100000000112,-8.469543],[113.624084,-8.469654]]],[[[113.604362000000151,-8.443794],[113.604401000000166,-8.443294999999864],[113.605087000000253,-8.442948],[113.604362000000151,-8.443794]]],[[[113.583206000000132,-8.444829998999921],[113.582557999000073,-8.445167998999921],[113.5823590010001,-8.444868000999975],[113.583206000000132,-8.444829998999921]]],[[[113.579819000000157,-8.444516],[113.579346000000101,-8.444882],[113.579239000000143,-8.444803],[113.579819000000157,-8.444516]]],[[[113.590247999000212,-8.443475998999929],[113.589553999000145,-8.44359499899997],[113.589668,-8.443089000999976],[113.590247999000212,-8.443475998999929]]],[[[113.589012,-8.442843],[113.589249000000223,-8.44346],[113.58889,-8.443058],[113.589012,-8.442843]]],[[[113.59108,-8.443211],[113.5899730000001,-8.442732],[113.591789,-8.442712],[113.59108,-8.443211]]],[[[113.592186,-8.442418999999859],[113.592125,-8.44277],[113.591911000000209,-8.442616],[113.592186,-8.442418999999859]]],[[[113.579971,-8.442284],[113.580002,-8.441984],[113.580078,-8.442084],[113.579971,-8.442284]]],[[[113.590225,-8.442051],[113.589661000000206,-8.442152],[113.590668,-8.441611],[113.590225,-8.442051]]],[[[113.580147000000125,-8.441961],[113.578003,-8.440991],[113.579926,-8.440803],[113.580147000000125,-8.441961]]],[[[113.549362,-8.438344],[113.549561,-8.438725],[113.549271,-8.438624],[113.549362,-8.438344]]],[[[113.551651000000106,-8.438294],[113.55088000000012,-8.436837],[113.551842,-8.436585],[113.551651000000106,-8.438294]]],[[[113.552567,-8.437222],[113.552025,-8.437284],[113.552185000000236,-8.437002],[113.552567,-8.437222]]],[[[113.549194,-8.439667],[113.548912,-8.439607],[113.549187,-8.439506],[113.549194,-8.439667]]],[[[113.548836,-8.439621],[113.548904,-8.43949],[113.548912,-8.439607],[113.548836,-8.439621]]],[[[113.547798000000171,-8.433895],[113.547279,-8.433467],[113.547867,-8.433596],[113.547798000000171,-8.433895]]],[[[113.547089000000142,-8.432539],[113.54758500000014,-8.432518],[113.547859000000244,-8.432576],[113.547089000000142,-8.432539]]],[[[113.290702999000018,-8.445450999999878],[113.323638999000195,-8.452955999999858],[113.331573001000152,-8.448416999999893],[113.34301,-8.458071998999912],[113.352608,-8.449271000999943],[113.3590160010001,-8.452909],[113.367355000000202,-8.45052],[113.371292001000029,-8.458763998999927],[113.386786999000151,-8.458509],[113.390311999000119,-8.453892],[113.400345,-8.457878],[113.403,-8.467248000999973],[113.405800000000227,-8.465801000999932],[113.403709001000152,-8.472136],[113.4105,-8.467222],[113.419861,-8.469740998999896],[113.410369999000068,-8.475778000999981],[113.409675999000228,-8.490861000999871],[113.401299001000211,-8.489492998999935],[113.404289,-8.494155],[113.398682000000122,-8.496578998999951],[113.379631,-8.495003],[113.350227,-8.50518200099998],[113.340515,-8.500532998999972],[113.326590999000018,-8.501971],[113.309608,-8.508748],[113.313553000000297,-8.500983998999914],[113.31186700000012,-8.500001],[113.306869999000241,-8.508763998999882],[113.298706001000141,-8.502464998999869],[113.293434000000275,-8.508187998999915],[113.285713000000214,-8.498913000999949],[113.268088999000156,-8.497040000999903],[113.26973,-8.490266],[113.262405000000285,-8.486736999999891],[113.26823400000012,-8.467235998999911],[113.287636001000124,-8.460893],[113.293144,-8.450696],[113.290702999000018,-8.445450999999878]]],[[[113.480499,-8.413933],[113.480247,-8.414298],[113.480186,-8.414137],[113.480499,-8.413933]]],[[[113.477516000000264,-8.410072],[113.478638,-8.410684],[113.47747,-8.41062],[113.477516000000264,-8.410072]]],[[[113.474754,-8.397418],[113.474449000000163,-8.39788],[113.474335,-8.397528],[113.474754,-8.397418]]],[[[113.474266,-8.396652],[113.473999,-8.396428],[113.474113000000102,-8.396107],[113.474266,-8.396652]]],[[[113.504173,-8.423833],[113.503838,-8.423756],[113.504204,-8.423754],[113.504173,-8.423833]]],[[[113.817955,-8.562476998999955],[113.817696001000058,-8.562665000999971],[113.817779999000095,-8.562410998999894],[113.817955,-8.562476998999955]]],[[[113.811539,-8.561585],[113.811371,-8.5614],[113.811569,-8.561327],[113.811539,-8.561585]]],[[[113.813675,-8.559791],[113.813713000000121,-8.560301],[113.813606,-8.560266],[113.813675,-8.559791]]],[[[113.816391000000181,-8.559836],[113.81723,-8.559693],[113.816795,-8.560527],[113.816391000000181,-8.559836]]],[[[113.81572,-8.559608],[113.815956000000256,-8.560158],[113.815704,-8.560212],[113.81572,-8.559608]]],[[[113.817589,-8.55876],[113.817444000000137,-8.559101],[113.817223000000126,-8.558832],[113.817589,-8.55876]]],[[[113.816887,-8.558692],[113.816727000000128,-8.558548],[113.816902,-8.558533],[113.816887,-8.558692]]],[[[113.807205,-8.558171],[113.80705300000011,-8.558778],[113.806831,-8.558192],[113.807205,-8.558171]]],[[[113.808601,-8.557437],[113.80838,-8.558032],[113.808136,-8.557638],[113.808601,-8.557437]]],[[[113.823837,-8.543426],[113.823494,-8.543532],[113.823593,-8.54308],[113.823837,-8.543426]]],[[[113.822182000000112,-8.542582],[113.822075000000154,-8.543505],[113.821899000000144,-8.543591],[113.822182000000112,-8.542582]]],[[[113.834358,-8.539156],[113.834908,-8.54006],[113.833771,-8.539671],[113.834358,-8.539156]]],[[[113.830124,-8.534368],[113.830612,-8.535066],[113.830452000000264,-8.535207],[113.830124,-8.534368]]],[[[113.834595,-8.533864],[113.835892,-8.534086],[113.834526,-8.534019],[113.834595,-8.533864]]],[[[113.807739,-8.529428],[113.807854000000134,-8.529181],[113.808327,-8.529208],[113.807739,-8.529428]]],[[[113.808395000000132,-8.52746],[113.80806,-8.52816],[113.80748,-8.528096],[113.808395000000132,-8.52746]]],[[[113.807198,-8.526032],[113.806778000000122,-8.525932],[113.806885,-8.52578],[113.807198,-8.526032]]],[[[113.806984,-8.523298],[113.807037,-8.523044],[113.807182000000125,-8.523197],[113.806984,-8.523298]]]]}},
{"type":"Feature","properties":{"id_feature":202402,"id_wilayah":2,"tahun":2024,"nama_wilayah":"Banyuwangi","jenis_wilayah":"kabupaten","bakorwil":"Bakorwil V Jember","kode_bps":"3510","jumlah_project":4,"jumlah_mentor":0,"jumlah_talenta":11,"jumlah_client":24},"geometry":{"type":"MultiPolygon","coordinates":[[[[114.36061096100002,-8.657449720999921],[114.320068359000174,-8.624690055999963],[114.247077941000157,-8.600239752999926],[114.22791290300006,-8.604619979999939],[114.225372314000083,-8.612270353999975],[114.229919434000067,-8.620639800999925],[114.220581054000263,-8.64542007499989],[114.184211730000015,-8.64050960499992],[114.14286,-8.62279],[114.094757081000012,-8.615619658999947],[114.085243,-8.62092],[114.084457000000157,-8.6296],[114.078278,-8.62506],[114.059837,-8.62674],[114.057999,-8.6381],[114.050423,-8.6375],[114.05246,-8.64483],[114.048889000000145,-8.64672],[114.047829,-8.6376],[114.03138,-8.63043],[114.028214,-8.59827],[114.015152,-8.59035],[113.996132,-8.59396],[113.996063000000163,-8.61056],[113.989883,-8.59919],[113.98827400000016,-8.60634],[113.972229004000042,-8.607469558999924],[113.96362304600018,-8.616959570999882],[113.956497192000143,-8.613989829999923],[113.956817627000078,-8.60902976999995],[113.947097779000046,-8.599889753999889],[113.952453613000102,-8.595159529999933],[113.958251954000048,-8.599329947999934],[113.966003418000128,-8.596540451999886],[113.968673705000015,-8.58409023299987],[113.959062649523162,-8.567350159859416],[113.945969,-8.55916],[113.935959,-8.55989],[113.935150000000249,-8.56739],[113.925179000000185,-8.56105],[113.924278,-8.57314],[113.908913,-8.58024],[113.893730000000119,-8.56488],[113.875664000000143,-8.55747],[113.857567,-8.5602],[113.852966,-8.55015],[113.83696,-8.55469],[113.855019,-8.519502],[113.843056,-8.503391],[113.842133000000103,-8.494321],[113.854637000000139,-8.429845],[113.890343,-8.409854],[113.90033,-8.423871],[113.899231,-8.434336],[113.910240000000158,-8.441873],[113.932068,-8.425376],[113.937431336000031,-8.409064291999925],[113.947258,-8.40167],[113.923676,-8.384262],[113.927750000000287,-8.376713],[113.921646119000229,-8.369895933999885],[113.921227,-8.357324],[113.915825,-8.348118],[113.909012,-8.34686],[113.927162170000315,-8.327595709999912],[113.928337097000281,-8.319819449999898],[113.920310974000131,-8.308166503999928],[113.934295654000266,-8.281473159999962],[113.93733215400016,-8.266300201999968],[113.934341431000234,-8.255193708999911],[113.944236755000247,-8.244484899999918],[113.959373474000245,-8.243258474999948],[113.966644287000122,-8.232213019999904],[113.968070984000065,-8.220554350999919],[113.957832337000013,-8.205780028999868],[113.970726014000093,-8.189533232999963],[113.990882873000146,-8.182614325999907],[114.022552490000066,-8.141417502999957],[114.038505555000143,-8.139213561999838],[114.060424805000025,-8.122423172999959],[114.078575135000051,-8.126810072999945],[114.091743470000097,-8.116150855999933],[114.11658477800006,-8.114376067999842],[114.14649963300019,-8.100989340999945],[114.17274475000022,-8.107336042999975],[114.176460267000039,-8.120318411999904],[114.184379578000062,-8.120910643999878],[114.195693970000093,-8.103339195999979],[114.214088440000069,-8.099485397999956],[114.219749450000222,-8.073735235999948],[114.231140137000011,-8.070425033999982],[114.246719359000167,-8.054665564999937],[114.248764038000104,-8.045647619999954],[114.235816956,-8.031208037999932],[114.240707397000278,-8.013435362999928],[114.22438812300004,-7.989762783999879],[114.22508239800004,-7.982951639999953],[114.249694824000017,-7.939357756999868],[114.271324157000095,-7.919590949999929],[114.283134461000145,-7.897235870999907],[114.30355835000023,-7.88467979499984],[114.332839965000176,-7.906915186999981],[114.340545653000163,-7.905920504999926],[114.344375610000043,-7.91142129799988],[114.396530152000082,-7.926803110999913],[114.41284179600018,-7.940119264999908],[114.423797607000097,-7.935500143999832],[114.422737122000058,-7.961090087999935],[114.430267335000053,-7.996679782999934],[114.425727845000097,-8.019539831999907],[114.434624,-8.03202],[114.429008000000181,-8.045129999999858],[114.429939270000318,-8.065850256999965],[114.417457580000018,-8.080750464999937],[114.407180786000026,-8.110759733999942],[114.398353577000194,-8.121569632999979],[114.401756287000012,-8.15019035399996],[114.382377624000014,-8.200010298999871],[114.390457152000067,-8.235019683999951],[114.366073609000068,-8.280220031999932],[114.364730834000056,-8.310477256999889],[114.357757568000125,-8.327159881999933],[114.360816956000122,-8.335880279999969],[114.352783204000048,-8.354660034999938],[114.340042115000074,-8.423250198999938],[114.342033386000026,-8.43898010199996],[114.356002808000198,-8.458889961999944],[114.354217529000039,-8.467280387999949],[114.363517762000129,-8.484129904999918],[114.350708007000094,-8.52791976899988],[114.364501953000058,-8.537340162999953],[114.375679017000152,-8.532879828999853],[114.385192871000186,-8.506719587999896],[114.388099671000191,-8.4816198339999],[114.382659912000122,-8.448880194999958],[114.388999939000087,-8.447770117999937],[114.399513244000104,-8.461170195999955],[114.397491454000033,-8.49507045699994],[114.409362793000014,-8.509799956999871],[114.401466370000094,-8.54086971299995],[114.408142091000059,-8.556159971999932],[114.407890319000217,-8.569129942999894],[114.439788819000228,-8.631469725999921],[114.448226929000043,-8.638970374999928],[114.457931519000113,-8.638549804999968],[114.472656249000011,-8.617710113999976],[114.480941772000051,-8.617950439999902],[114.491577148000033,-8.632329940999966],[114.505493165000075,-8.635860441999966],[114.51464080900007,-8.650230407999913],[114.542999268000131,-8.659090042999935],[114.561737061000031,-8.655819891999897],[114.569252015000075,-8.659950255999888],[114.604553222000163,-8.714779852999868],[114.595497130000126,-8.751299858999971],[114.575790404000031,-8.769869803999882],[114.533561706000114,-8.780360220999967],[114.505126953000172,-8.77550029799994],[114.478027343,-8.760479926999949],[114.445518494000112,-8.752779960999931],[114.369682311000247,-8.750679969999908],[114.345176698000046,-8.742879866999886],[114.342903136000132,-8.734880446999966],[114.367172241000048,-8.722620009999957],[114.376670838000223,-8.704589842999894],[114.373153686000137,-8.677960394999957],[114.36061096100002,-8.657449720999921]]],[[[114.026352000000202,-8.646071],[114.029251,-8.649641],[114.024796,-8.651997],[114.026352000000202,-8.646071]]],[[[114.050087001000065,-8.64765],[114.049506999000187,-8.647739999999828],[114.04938499900004,-8.647631],[114.050087001000065,-8.64765]]],[[[114.05056,-8.647084],[114.050735,-8.647561],[114.049889000000235,-8.647407],[114.05056,-8.647084]]],[[[114.025719,-8.647225],[114.025200000000268,-8.646673],[114.025772,-8.646467],[114.025719,-8.647225]]],[[[114.02697,-8.645308],[114.024391000000151,-8.645255],[114.026901,-8.643392],[114.02697,-8.645308]]],[[[114.052879000000189,-8.638014],[114.052841,-8.638476],[114.052582000000143,-8.637967],[114.052879000000189,-8.638014]]],[[[114.033096000000114,-8.634853],[114.032845,-8.635],[114.032837,-8.634807],[114.033096000000114,-8.634853]]],[[[114.033363,-8.634194],[114.032944000000157,-8.634683],[114.033279000000107,-8.634169],[114.033363,-8.634194]]],[[[114.057114,-8.639482],[114.056839,-8.639467],[114.056969,-8.639242],[114.057114,-8.639482]]],[[[114.083778,-8.63192],[114.082565,-8.635422],[114.082634,-8.630767],[114.083778,-8.63192]]],[[[114.063629000000219,-8.628086],[114.063354,-8.628484],[114.063225,-8.627732],[114.063629000000219,-8.628086]]],[[[114.112021999000149,-8.619218999999873],[114.112007,-8.619978],[114.111808999000118,-8.61924],[114.112021999000149,-8.619218999999873]]],[[[113.992714,-8.615233],[113.994995000000131,-8.618568],[113.991539,-8.616364],[113.992714,-8.615233]]],[[[113.995094000000108,-8.612329],[113.990417,-8.614267],[113.994949,-8.611859],[113.995094000000108,-8.612329]]],[[[114.024803000000134,-8.606544],[114.02528400000017,-8.606853],[114.024857,-8.607278],[114.024803000000134,-8.606544]]],[[[114.027336000000105,-8.605411],[114.024033,-8.60606],[114.026665,-8.604125],[114.027336000000105,-8.605411]]],[[[114.203330994000112,-8.656510351999941],[114.204513549000012,-8.656039237999948],[114.203659057000209,-8.657291410999903],[114.203330994000112,-8.656510351999941]]],[[[113.914794999000151,-8.582213],[113.913223,-8.585397000999819],[113.911888,-8.583670998999935],[113.914794999000151,-8.582213]]],[[[113.894348,-8.582201],[113.8937,-8.58327],[113.893333,-8.583261],[113.894348,-8.582201]]],[[[113.894646,-8.580025],[113.896202,-8.579791],[113.894829,-8.58029],[113.894646,-8.580025]]],[[[113.922974000000181,-8.574429],[113.923538000000121,-8.574924],[113.922890000000166,-8.574684],[113.922974000000181,-8.574429]]],[[[113.866783000000169,-8.562198],[113.867035000000101,-8.562671],[113.866882,-8.562654],[113.866783000000169,-8.562198]]],[[[113.858467000000132,-8.560861],[113.859192,-8.560351],[113.858475,-8.561177],[113.858467000000132,-8.560861]]],[[[113.856522000000268,-8.560093],[113.857086,-8.560268],[113.856834000000163,-8.560426],[113.856522000000268,-8.560093]]],[[[114.431412001000012,-8.044150000999934],[114.430046,-8.045043998999915],[114.429413000000295,-8.044633000999966],[114.431412001000012,-8.044150000999934]]]]}},
{"type":"Feature","properties":{"id_feature":202403,"id_wilayah":3,"tahun":2024,"nama_wilayah":"Bondowoso","jenis_wilayah":"kabupaten","bakorwil":"Bakorwil V Jember","kode_bps":"3511","jumlah_project":3,"jumlah_mentor":1,"jumlah_talenta":4,"jumlah_client":5},"geometry":{"type":"MultiPolygon","coordinates":[[[[113.868125916000054,-8.035858153999925],[113.855018617000155,-8.022206306999919],[113.851303100000109,-8.027078627999913],[113.845359802000075,-8.024040221999883],[113.85395050000011,-8.033453940999948],[113.854301453000176,-8.045752524999955],[113.812591554000051,-8.046125411999981],[113.802207947000056,-8.057662962999871],[113.79051208400017,-8.049409865999962],[113.781806946000074,-8.050318718999904],[113.770462037000129,-8.038731575999975],[113.758064271000308,-8.057752609999909],[113.750488281000344,-8.052042006999955],[113.751892089000194,-8.06082534899997],[113.747558594000111,-8.06498432099994],[113.746116639000093,-8.05133533399993],[113.726188660000048,-8.023572920999925],[113.72048187300004,-8.023271560999945],[113.70914459200003,-8.011621475999959],[113.687240600000109,-8.011513709999917],[113.671989440000175,-7.986698627999942],[113.671264649000136,-7.968392847999894],[113.648521423000034,-7.973927973999935],[113.63567352300015,-7.96557569499987],[113.629516602000081,-7.972459792999871],[113.62326049700016,-7.962204454999835],[113.637123109000186,-7.949588775999871],[113.660438537,-7.938457964999941],[113.662918090000062,-7.921591758999966],[113.673316955000132,-7.918925284999943],[113.688896180000143,-7.903313159999868],[113.699745178000171,-7.899613379999892],[113.708084107000104,-7.884839056999965],[113.722038268,-7.879758356999957],[113.734756469000217,-7.835866927999859],[113.731361390000075,-7.819929122999838],[113.739379883000311,-7.804452417999926],[113.739715576000094,-7.788903711999978],[113.747360230000254,-7.79625082099983],[113.766227721000064,-7.798428057999956],[113.76831054600018,-7.79493665699988],[113.793434143000127,-7.802810190999878],[113.80411511900013,-7.816607973999908],[113.821426392000262,-7.8109722129999],[113.836883666000062,-7.812303809999946],[113.853248596000185,-7.79436302199997],[113.872322083000086,-7.797525405999863],[113.877288818000125,-7.791079520999972],[113.882919312000013,-7.797086714999978],[113.903556824000134,-7.803180217999852],[113.90550232000021,-7.795645712999942],[113.918228149000015,-7.788805961999969],[113.933097840000073,-7.793400764999888],[113.937721252000188,-7.786943911999913],[113.935707093000246,-7.776435374999949],[113.950843812000244,-7.765230654999868],[113.963134766000053,-7.773503302999927],[113.980583191000051,-7.771468161999906],[113.991470336000134,-7.778251169999919],[113.999908446000063,-7.772096633999979],[114.006462098000156,-7.756793021999954],[114.011940003000177,-7.762610434999942],[114.062042236000025,-7.758764266999947],[114.071258545000092,-7.761195658999952],[114.079345704000161,-7.770706176999965],[114.074890137000011,-7.783111094999924],[114.089355468000235,-7.80600500099996],[114.089164734000065,-7.82426595599992],[114.095596313000101,-7.840616224999962],[114.092529297000056,-7.875441551999927],[114.111137391000057,-7.909597872999939],[114.113510132000215,-7.942084311999963],[114.127876283000091,-7.975959299999886],[114.127639771000077,-7.99302005699991],[114.141151428000057,-7.981392858999868],[114.166236878000291,-7.970445155999926],[114.211692810000045,-7.977763175999939],[114.224342346000071,-7.986661910999828],[114.238258362000238,-8.006146430999934],[114.240707397000278,-8.013435362999928],[114.235816956,-8.031208037999932],[114.248764038000104,-8.045647619999954],[114.246719359000167,-8.054665564999937],[114.231140137000011,-8.070425033999982],[114.219749450000222,-8.073735235999948],[114.214088440000069,-8.099485397999956],[114.195693970000093,-8.103339195999979],[114.184379578000062,-8.120910643999878],[114.176460267000039,-8.120318411999904],[114.17274475000022,-8.107336042999975],[114.14649963300019,-8.100989340999945],[114.11658477800006,-8.114376067999842],[114.091743470000097,-8.116150855999933],[114.078575135000051,-8.126810072999945],[114.060424805000025,-8.122423172999959],[114.051322938000226,-8.132596016999969],[114.043296814000314,-8.133618354999896],[114.034614563000218,-8.128876684999966],[114.038589477000301,-8.120491026999957],[114.029563903000167,-8.115055084999881],[114.028236389000085,-8.095111845999838],[114.004806518000123,-8.07123374899993],[113.987144471000079,-8.066942214999926],[113.970199584000056,-8.054953573999967],[113.958648683000092,-8.055067061999978],[113.918609619000108,-8.024968145999935],[113.890213013000334,-8.014441489999967],[113.884376525000107,-8.019872664999923],[113.884910583000192,-8.030037878999906],[113.87248992800005,-8.029894828999886],[113.868125916000054,-8.035858153999925]]]]}},
{"type":"Feature","properties":{"id_feature":202404,"id_wilayah":4,"tahun":2024,"nama_wilayah":"Situbondo","jenis_wilayah":"kabupaten","bakorwil":"Bakorwil V Jember","kode_bps":"3512","jumlah_project":2,"jumlah_mentor":0,"jumlah_talenta":2,"jumlah_client":9},"geometry":{"type":"MultiPolygon","coordinates":[[[[114.166801452000072,-7.97041034699987],[114.141151428000057,-7.981392858999868],[114.127639771000077,-7.99302005699991],[114.127876283000091,-7.975959299999886],[114.113510132000215,-7.942084311999963],[114.111137391000057,-7.909597872999939],[114.092529297000056,-7.875441551999927],[114.095596313000101,-7.840616224999962],[114.089164734000065,-7.82426595599992],[114.08843994200015,-7.802736281999955],[114.074890137000011,-7.783111094999924],[114.079345704000161,-7.770706176999965],[114.0663757330002,-7.759330748999957],[114.011940003000177,-7.762610434999942],[114.006637574000251,-7.756760119999967],[113.999908446000063,-7.772096633999979],[113.991470336000134,-7.778251169999919],[113.980583191000051,-7.771468161999906],[113.963134766000053,-7.773503302999927],[113.950843812000244,-7.765230654999868],[113.935707093000246,-7.776435374999949],[113.934814453000286,-7.792744636999885],[113.918228149000015,-7.788805961999969],[113.90550232000021,-7.795645712999942],[113.903556824000134,-7.803180217999852],[113.882919312000013,-7.797086714999978],[113.877288818000125,-7.791079520999972],[113.872322083000086,-7.797525405999863],[113.853248596000185,-7.79436302199997],[113.834297000000106,-7.813126],[113.821426392000262,-7.8109722129999],[113.801582,-7.816535],[113.799934001000224,-7.80778100099991],[113.793434143000127,-7.802810190999878],[113.76831054600018,-7.79493665699988],[113.766227721000064,-7.798428057999956],[113.747360230000254,-7.79625082099983],[113.739715576000094,-7.788903711999978],[113.739379883000311,-7.804452417999926],[113.731361390000075,-7.819929122999838],[113.734756469000217,-7.835866927999859],[113.722038268,-7.879758356999957],[113.708084107000104,-7.884839056999965],[113.699745178000171,-7.899613379999892],[113.688896180000143,-7.903313159999868],[113.673316955000132,-7.918925284999943],[113.662918090000062,-7.921591758999966],[113.660438537,-7.938457964999941],[113.623802185000045,-7.961433886999941],[113.616622926000105,-7.958734989999925],[113.622550964000197,-7.95276927999987],[113.614700318000018,-7.953140734999977],[113.61110687200005,-7.948382376999973],[113.626274108000189,-7.916453838999928],[113.623329163000335,-7.89511966699996],[113.615097047000063,-7.887107848999904],[113.617279052000072,-7.873166559999959],[113.602348327000072,-7.845155714999976],[113.611648560000162,-7.82519960299993],[113.592155457000104,-7.805414199999973],[113.606079102000081,-7.798935888999949],[113.600708008000311,-7.775310039999908],[113.576393128000063,-7.756195543999979],[113.572845459000064,-7.739912032999939],[113.57930755700022,-7.725923060999946],[113.589653015000181,-7.725354670999934],[113.590705871000068,-7.716603278999969],[113.597862244000225,-7.715280056999973],[113.610137939000083,-7.722903251999924],[113.647476196000184,-7.723529815999939],[113.666061402000082,-7.736981868999976],[113.713058472000057,-7.707839965999881],[113.723541261000037,-7.721210001999907],[113.763313294000227,-7.737830160999977],[113.796463013000107,-7.727019786999847],[113.817138672000056,-7.699409960999958],[113.831047058000081,-7.688409804999935],[113.862167359000068,-7.684510229999944],[113.868171691000043,-7.679950235999968],[113.90470886300011,-7.699530123999978],[113.912910462000127,-7.696599958999968],[113.930496216000165,-7.700749873999882],[113.939376832000221,-7.677279948999967],[113.95430755700022,-7.679090022999901],[113.972282409000172,-7.65150022499995],[114.004493714000319,-7.634799957999974],[114.032325745000207,-7.606146812999839],[114.030532836000134,-7.610130309999931],[114.04431152400025,-7.613160133999941],[114.041069030000017,-7.60692977899987],[114.034866332000206,-7.606789112999934],[114.036865235000278,-7.604368209999848],[114.045837403000291,-7.608644961999858],[114.060401916000046,-7.623702525999875],[114.106727599000124,-7.706520080999951],[114.123641967000026,-7.707139967999979],[114.134880066000051,-7.713739871999906],[114.165748597000174,-7.715179919999969],[114.187866211000141,-7.712600230999954],[114.194862366000052,-7.707590103999905],[114.207809448000148,-7.718050001999927],[114.240463256000112,-7.698090075999914],[114.293769836000024,-7.747839927999962],[114.309806823000031,-7.746300219999966],[114.31851959100004,-7.755929946999913],[114.328720092000026,-7.758279798999922],[114.350326539000093,-7.753530023999929],[114.371063233000086,-7.757040023999934],[114.358871460000046,-7.748939990999872],[114.374069214000087,-7.748859882999966],[114.391746520000197,-7.769830225999954],[114.404388427000185,-7.77011013099991],[114.431747437000126,-7.792640208999956],[114.438858033000088,-7.788710117999926],[114.458503723000035,-7.808869837999964],[114.468086242000027,-7.835070132999931],[114.466537475000223,-7.845940111999937],[114.45890045200008,-7.85054015999998],[114.466018678000069,-7.84801006399988],[114.464736938000215,-7.858709812999905],[114.459648132000098,-7.862420081999971],[114.463836670000092,-7.889319896999893],[114.444053651000104,-7.899079799999981],[114.437019349000025,-7.910240172999977],[114.423538207000092,-7.916860102999976],[114.423797607000097,-7.935500143999832],[114.41284179600018,-7.940119264999908],[114.396530152000082,-7.926803110999913],[114.344375610000043,-7.91142129799988],[114.340545653000163,-7.905920504999926],[114.332839965000176,-7.906915186999981],[114.30355835000023,-7.88467979499984],[114.283134461000145,-7.897235870999907],[114.271324157000095,-7.919590949999929],[114.250892640000075,-7.937760829999831],[114.224342346000071,-7.986661910999828],[114.192840577000197,-7.972002981999935],[114.166801452000072,-7.97041034699987]]]]}},
{"type":"Feature","properties":{"id_feature":202405,"id_wilayah":5,"tahun":2024,"nama_wilayah":"Lumajang","jenis_wilayah":"kabupaten","bakorwil":"Bakorwil V Jember","kode_bps":"3508","jumlah_project":4,"jumlah_mentor":12,"jumlah_talenta":11,"jumlah_client":19},"geometry":{"type":"MultiPolygon","coordinates":[[[[112.96996307400002,-8.333760260999952],[112.959594726000091,-8.353158949999909],[112.938156128000173,-8.337135313999966],[112.934051514000203,-8.328177451999977],[112.942420960000049,-8.317475317999936],[112.941322327000194,-8.310885428999939],[112.918540954000036,-8.307156561999932],[112.916175843000019,-8.291307448999873],[112.905914307000103,-8.288053511999976],[112.899406433000081,-8.267230987999881],[112.907844543000124,-8.275164604999873],[112.920700073000262,-8.250000000999876],[112.903137207000213,-8.15774726799998],[112.925498963000109,-8.110750197999948],[112.922019959000068,-8.107417106999947],[112.923156738000216,-8.086958885999934],[112.905822753000166,-8.081560134999961],[112.899978637000117,-8.061138152999945],[112.908927918000131,-8.050852775999942],[112.908981324000138,-8.041626928999904],[112.934730530000024,-8.018756864999887],[112.927040100000227,-7.997110365999959],[112.936286926000207,-8.000285148999922],[112.942199708000089,-7.983355998999855],[112.953041076000204,-7.986645220999947],[112.974891662000118,-7.980465410999955],[112.994049072000166,-7.960579870999879],[113.023651122000047,-7.970233440999948],[113.036148070000195,-7.980669019999937],[113.05670928900031,-8.010454177999918],[113.064338684000177,-7.998294830999896],[113.063125610000156,-7.987429141999883],[113.069725036000023,-7.981830596999941],[113.104080201000102,-7.980883119999874],[113.114723205000018,-7.991734503999965],[113.120689392000031,-7.990368841999953],[113.136032105000027,-7.976556777999917],[113.149429321000071,-7.979876040999955],[113.154335021000065,-7.971192358999929],[113.191123962,-7.944756029999951],[113.197967530000142,-7.931526659999975],[113.206077575000108,-7.926931856999943],[113.211959839000087,-7.911035536999975],[113.208320618000016,-7.897897243999921],[113.248268127000074,-7.908027170999901],[113.256584167000028,-7.906913278999923],[113.262542724000014,-7.896042823999949],[113.274574280000024,-7.929528713999957],[113.325180054000043,-7.928749084999822],[113.344596864000096,-7.955381392999925],[113.346527099000014,-7.975500105999913],[113.35709381200013,-7.984245299999884],[113.361511231000122,-7.996151447999921],[113.367095948000042,-8.021453856999926],[113.354980468,-8.035292624999897],[113.348663330000136,-8.054896353999936],[113.357070923000038,-8.078250884999818],[113.366653442000029,-8.085650443999839],[113.361953735000156,-8.100623130999963],[113.36840057400002,-8.110672949999866],[113.362358094000115,-8.118205069999931],[113.375877062000086,-8.130837154999881],[113.372391000000107,-8.146483],[113.379021000000193,-8.148527],[113.379585266000163,-8.157225608999966],[113.374855,-8.165077000999872],[113.365982056000121,-8.16832351599993],[113.367851258000201,-8.185212134999915],[113.360626220000313,-8.189457893999929],[113.353141784000286,-8.203742027999908],[113.333389281000109,-8.208283423999887],[113.326843262000011,-8.221261976999926],[113.313011169000106,-8.228894233999938],[113.319702148000033,-8.265568732999952],[113.303413391000049,-8.307476996999981],[113.261413574000017,-8.289050102999909],[113.219688416000167,-8.281530380999868],[113.161453247000054,-8.282030104999933],[113.122398377000195,-8.29125976499995],[113.079536438000332,-8.285710333999873],[113.070251466000059,-8.28954029099998],[113.065490723000039,-8.297450064999907],[113.050323487000242,-8.297809600999926],[113.011070252000081,-8.310919760999923],[112.96996307400002,-8.333760260999952]]],[[[113.295174015000271,-7.926634121499944],[113.295270258000187,-7.92713935699993],[113.295029810000187,-7.927755394999849],[113.295174015000271,-7.926634121499944]]]]}},
{"type":"Feature","properties":{"id_feature":202406,"id_wilayah":6,"tahun":2024,"nama_wilayah":"Probolinggo","jenis_wilayah":"kabupaten","bakorwil":"Bakorwil V Jember","kode_bps":"3513","jumlah_project":1,"jumlah_mentor":0,"jumlah_talenta":1,"jumlah_client":0},"geometry":{"type":"MultiPolygon","coordinates":[[[[113.478874206000228,-8.018293380999921],[113.444114685000045,-8.024208067999894],[113.441497802000299,-8.016619681999885],[113.433631896000179,-8.02130699199995],[113.425369264000096,-8.011185644999955],[113.408714294000106,-8.013230323999949],[113.391288757000098,-7.997274875999892],[113.387168884000175,-8.013656615999878],[113.363044738000099,-8.027681350999956],[113.367103576000204,-8.02125453899987],[113.360656739000092,-7.992784499999971],[113.346687317000146,-7.975803851999899],[113.344955443000231,-7.956066131999876],[113.328186035000044,-7.93196296799988],[113.308288575,-7.926497458999961],[113.293563843000129,-7.928067682999938],[113.281387,-7.928402],[113.274574280000024,-7.929528713999957],[113.262542724000014,-7.896042823999949],[113.256584167000028,-7.906913278999923],[113.248268127000074,-7.908027170999901],[113.20751953100023,-7.898044108999898],[113.211959839000087,-7.911035536999975],[113.206077575000108,-7.926931856999943],[113.149429321000071,-7.979876040999955],[113.136032105000027,-7.976556777999917],[113.114723205000018,-7.991734503999965],[113.104080201000102,-7.980883119999874],[113.069725036000023,-7.981830596999941],[113.063125610000156,-7.987429141999883],[113.064338684000177,-7.998294830999896],[113.05784606900022,-8.010484694999889],[113.036148070000195,-7.980669019999937],[113.009155273000147,-7.963677883999878],[112.994049072000166,-7.960579870999879],[112.974891662000118,-7.980465410999955],[112.953041076000204,-7.986645220999947],[112.935539246000189,-7.979806899999915],[112.927795410000158,-7.964865206999889],[112.937622071000078,-7.950390338999966],[112.952888000000144,-7.943349999999896],[112.95290374700005,-7.91505336799986],[112.948799132000204,-7.906309127999975],[112.955863953000062,-7.898335456999973],[112.966003418000128,-7.895952700999885],[113.027412414000082,-7.833842754999978],[113.047233582000104,-7.819969654999966],[113.053703308000195,-7.785280703999945],[113.050170898000147,-7.775979040999971],[113.056945800000108,-7.76206159599991],[113.054710388000217,-7.748151779999944],[113.06921386700003,-7.735410689999981],[113.088119508000091,-7.707420825999918],[113.096366882000098,-7.706319808999979],[113.113922120000097,-7.72630977599988],[113.124877930000025,-7.722229956999911],[113.140083313000105,-7.725969789999908],[113.150947570000085,-7.741320131999942],[113.169593811000027,-7.738289832999897],[113.167526244000101,-7.727960108999923],[113.17278289800015,-7.726749896999877],[113.179763795000213,-7.744390010999894],[113.17433929300023,-7.754513262999865],[113.166114808000202,-7.753905296999903],[113.163917542000263,-7.779229640999972],[113.17893981900022,-7.783371924999926],[113.177001953000058,-7.788482666999926],[113.182174683000198,-7.789617059999955],[113.178291321000188,-7.809983729999942],[113.200157166000054,-7.812477588999968],[113.205131531,-7.804404735999981],[113.204429626000092,-7.814084051999828],[113.216110230000027,-7.820199965999961],[113.219787598000039,-7.811574458999928],[113.224540711000259,-7.812073706999911],[113.226203919000227,-7.801500319999946],[113.24001312300004,-7.808750628999974],[113.237075806000121,-7.798512934999962],[113.242362976000095,-7.795340537999891],[113.234016419000227,-7.780542372999946],[113.236572265000063,-7.762714384999924],[113.232154847000174,-7.756003379999981],[113.237197876000096,-7.740306376999968],[113.246879577000072,-7.745450019999964],[113.254981995000094,-7.742630003999921],[113.256820678000054,-7.75407981799998],[113.271316528000057,-7.777110098999913],[113.286811829000271,-7.783559798999931],[113.289749146000077,-7.775869845999978],[113.304962159000297,-7.767960070999948],[113.316856384000062,-7.768229960999975],[113.32431793100011,-7.776159761999963],[113.345596313000101,-7.771049974999869],[113.372062683000081,-7.750979899999891],[113.381973268000024,-7.736219882999876],[113.388687135000168,-7.744200228999944],[113.393402101000333,-7.738130092999938],[113.402198791000046,-7.740530014999933],[113.411529540000174,-7.734469890999947],[113.438827514000195,-7.73424005499993],[113.486793517000024,-7.697939871999949],[113.500930787000016,-7.698390007999933],[113.54656219500032,-7.71354007799988],[113.56263732900004,-7.714240072999928],[113.579292297000052,-7.7080998429999],[113.597633361000021,-7.715169906999904],[113.590644836000251,-7.716666221999901],[113.588279725000234,-7.726529598999946],[113.578674317000036,-7.726545809999948],[113.572555541000042,-7.742067813999938],[113.576393128000063,-7.756195543999979],[113.600708008000311,-7.775310039999908],[113.606079102000081,-7.798935888999949],[113.592155457000104,-7.805414199999973],[113.611648560000162,-7.82519960299993],[113.602348327000072,-7.845155714999976],[113.617279052000072,-7.873166559999959],[113.615097047000063,-7.887107848999904],[113.623329163000335,-7.89511966699996],[113.626289369000119,-7.917029857999978],[113.611122131000229,-7.950057505999951],[113.62232971100002,-7.952441691999923],[113.615661621000072,-7.958145141999978],[113.623802185000045,-7.961433886999941],[113.629516602000081,-7.972459792999871],[113.63567352300015,-7.96557569499987],[113.643562316000157,-7.973119735999944],[113.627685547000056,-7.975905894999926],[113.62698364400012,-7.981812953999963],[113.618820191000168,-7.983492374999969],[113.614723207000111,-7.992711066999959],[113.613784790000182,-7.988571642999943],[113.605621338000105,-7.989082811999936],[113.602600098000039,-7.979587076999962],[113.592475892000039,-7.979192255999976],[113.587341309000067,-7.985786914999892],[113.560806275000118,-7.986625193999885],[113.552536010000154,-7.998210429999915],[113.530197143,-8.008109092999973],[113.5281372070001,-8.016924856999935],[113.494422912000118,-8.005125045999876],[113.480422974000135,-7.992403029999934],[113.476272584000071,-7.996930121999981],[113.482055665000075,-8.008554458999981],[113.478874206000228,-8.018293380999921]],[[113.295212000000106,-7.926980998999966],[113.295029810000187,-7.927755394999849],[113.295174015000271,-7.926634121499944],[113.295212000000106,-7.926980998999966]]],[[[113.26105499200014,-7.678883551999888],[113.256614686000148,-7.681100367999818],[113.242774963000102,-7.680366037999875],[113.257171630000016,-7.676216600999965],[113.26105499200014,-7.678883551999888]]]]}},
{"type":"Feature","properties":{"id_feature":202407,"id_wilayah":7,"tahun":2024,"nama_wilayah":"Kota Probolinggo","jenis_wilayah":"kota","bakorwil":"Bakorwil V Jember","kode_bps":"3574","jumlah_project":0,"jumlah_mentor":0,"jumlah_talenta":0,"jumlah_client":0},"geometry":{"type":"MultiPolygon","coordinates":[[[[113.217002870000215,-7.819854736999901],[113.204101563000222,-7.813576697999963],[113.205131531,-7.804404735999981],[113.200157166000054,-7.812477588999968],[113.178291321000188,-7.809983729999942],[113.182754517000035,-7.791374206999933],[113.177001953000058,-7.788482666999926],[113.17893981900022,-7.783371924999926],[113.163917542000263,-7.779229640999972],[113.167953491000162,-7.761418818999971],[113.164329529000156,-7.759195326999929],[113.166114808000202,-7.753905296999903],[113.17433929300023,-7.754513262999865],[113.180755616000056,-7.746634960999927],[113.210361436000085,-7.739542650999908],[113.215057000000115,-7.736340000999974],[113.216064,-7.727735],[113.216843,-7.727706],[113.217262067000206,-7.727459975999921],[113.21609499900012,-7.733644],[113.216849999000033,-7.736512998999899],[113.217727999500084,-7.724657],[113.2218322760001,-7.732739924999976],[113.228935242000148,-7.724979876999896],[113.221420287000228,-7.734282491999977],[113.237197876000096,-7.740306376999968],[113.232154847000174,-7.756003379999981],[113.236572265000063,-7.762714384999924],[113.234016419000227,-7.780542372999946],[113.242362976000095,-7.795340537999891],[113.237075806000121,-7.798512934999962],[113.24001312300004,-7.808750628999974],[113.226203919000227,-7.801500319999946],[113.224540711000259,-7.812073706999911],[113.219581603000279,-7.811774252999953],[113.217002870000215,-7.819854736999901]]],[[[113.217438000000129,-7.72466],[113.217552,-7.722185],[113.217262000000119,-7.72746],[113.217438000000129,-7.72466]]],[[[113.217727999500084,-7.724657],[113.218117,-7.722473],[113.218216,-7.722491],[113.217727999500084,-7.724657]]]]}}
]
}
